vendor_id,vendor_name,address,postal_code,city,country,email,bank_country,currency,vat_number,iban,bic,bank_account_number,bank_code,bank_name,company_entity,group,owner,belgian_number,payment_terms,norwegian_bankgiro_number,vendor_name_1
E81458556,REG. MERCANTILES DE BARCELONA,"Avenida de la Libertad, 44",28046,Valencia,Spain,,,,R72384592,AT732011140338268501,,,,Apex Community Bank,ES,Suppliers,,,,,
ESA28017895,EL CORTES INGLÉS,Dom. Xochimilco,28009,Sevilla,Spain,,,,WQZ48917542,AT732011140338268501,,,,Bayside Credit Union,ES,Suppliers,,,,,
ESA28017895,EL CORTES INGLÉS,Dom. Xochimilco,28009,Sevilla,Spain,,,,WQZ48917542,DK4220005905827564,,,,Bayside Credit Union,ES,Suppliers,,,,,
FR86818353070,ALAN S.A.,117 Rue de la Paix,75010,Rome,France,,,,IT77823650981,DK4220005905827564,,,,Summit Financial Trust,ES,Suppliers,,,,,
FR86818353070,ALAN S.A.,117 Rue de la Paix,75010,Rome,France,,,,IT77823650981,ES0300490007232611932301,,,,Summit Financial Trust,ES,Suppliers,,,,,
ATU69983609,bgood GmbH Solutions,Löwenstrasse 19/7,AT-1060,Zurich,Austria,,Austria,EUR,BEU38723156,ES0321008953362200045968,,,,Colonial Reserve Bank,ES,Suppliers,,,,,
DK26092183,DUSTIN TECH A/S,"Frederik Parkvej, 27",8260,Brussels,Denmark,,Denmark,DKK,SW74308274,ES0401822329980201513245,,,,Sunset Reserve Bank,ES,Suppliers,,,,,
A28582393,Estación Central de Chamartín,"Calle del Mar, 31",28036,Valencia,Spain,,Spain,EUR,C39287356,ES0520855975740330011784,,,,True North Bank,ES,Suppliers,,,,,
B19236181,Estación Central de Chamartín,"Calle del Mar, 31",19209,Córdoba,Spain,,Spain,EUR,X68247391,ES0520855975740330011784,,,,True North Bank,ES,Suppliers,,,,,
B19236181,DEVAL ROTULOS Y BUZONES,"Plaza de los Santos, 10",19209,Córdoba,Spain,,Spain,EUR,X68247391,ES0520950302708200848723,,,,People's Savings Bank,ES,Suppliers,,,,,
A86069465,DEVAL ROTULOS Y BUZONES,"Plaza de los Santos, 10",28004,Sevilla,Spain,,Spain,EUR,D27184658,ES0520950302708200848723,,,,Paramount Reserve Bank,ES,Suppliers,,,,,
A86069465,PETIT PALACE MADRID SANTA BARBARA,"Riera de los Valles, Nº 46, 4º 2ª",28004,Sevilla,Spain,,Spain,EUR,D27184658,ES0601280407810100011907,,,,Paramount Reserve Bank,ES,Suppliers,,,,,
16619651-N,PETIT PALACE MADRID SANTA BARBARA,"Riera de los Valles, Nº 46, 4º 2ª",8028,Granada,Spain,,Spain,EUR,45298371-M,ES0800810131520001183223,,,,Capital City Bank,ES,Suppliers,,,,,
16619651-N,LAURA SACRISTÁN MORENO,Calle del Sol 5-4D,8028,Granada,Spain,,Spain,EUR,45298371-M,ES0800810131520001183223,,,,Capital City Bank,ES,Suppliers,,,,,
45916689H,LAURA SACRISTÁN MORENO,Calle del Sol 5-4D,48920,Santander,Spain,,Spain,EUR,90743251A,ES0800810356160001444852,BASKES2B,,,Capital City Bank,ES,Suppliers,,,,,
45916689H,Laura Muiña Rodríguez,"Polígono Norte, C/ Los Olivos, 54",48920,Santander,Spain,,Spain,EUR,90743251A,ES0800810356160001444852,BASKES2B,,,Atlas Credit Union,ES,Suppliers,,,,,
B99161697,Laura Muiña Rodríguez,"Calle Cristóbal Colón, 86-88, Planta 1ª",50198,LISBON,Spain,,Spain,EUR,P57289461,ES0821000814010201168919,BASKES2B,,,Atlas Credit Union,ES,Suppliers,,,,,
ESB87396818,CESTALIA.NET,"Calle Cristóbal Colón, 86-88, Planta 1ª",8008,Granada,Spain,,Spain,EUR,C98172345,ES0821000814010201168919,BASKES2B,,,Prime Bank Group,ES,Suppliers,,,,,
ESB87396818,CESTALIA.NET,"Av. del Parque, Nº 89, 6",8008,Granada,Spain,,Spain,EUR,C98172345,ES1021008668240200020978,BASKES2B,,,Prime Bank Group,ES,Suppliers,,,,,
B66049057,"NEXT BUSINESS EVENTS, S.L.","Av. del Parque, Nº 89, 6",8026,Valencia,Spain,,Spain,EUR,R31247860,ES1021008668240200020978,BASKES2B,,,Prime Bank Group,ES,Suppliers,,,,,
B66049057,"NEXT BUSINESS EVENTS, S.L.","Carrer del Prado, 25, 2n 2a",8026,Valencia,Spain,,Spain,EUR,R31247860,ES1100490516362210227130,BASKES2B,,,Mariner Financial,ES,Suppliers,,,,,
B42736959,WALLA POP SL,"Carrer del Prado, 25, 2n 2a",8010,Valencia,Spain,,Spain,EUR,N25937142,ES1100750255190600327782,CAIXESBB,,,Mariner Financial,ES,Suppliers,,,,,
B42736959,WALLA POP SL,"Boulevard de la Liberté, 114, Principal",8010,Valencia,Spain,,Spain,EUR,N25937142,ES1100750255190600327782,CAIXESBB,,,Mariner Financial,ES,Suppliers,,,,,
B65672495,"E.I. IMPERFECT FOOD SERVICE, SL","Boulevard de la Liberté, 114, Principal",8008,Valencia,Spain,,Spain,EUR,F67149385,ES1121000033140200699677,CAIXESBB,,,Mariner Financial,ES,Suppliers,,,,,
B65672495,"E.I. IMPERFECT FOOD SERVICE, SL",Montpellier 18,8008,Valencia,Spain,,Spain,EUR,F67149385,ES1121000033140200699677,CAIXESBB,,,Mariner Financial,ES,Suppliers,,,,,
B-87015343,Timeout Spain Media S.A.,"C/ Darwin, S/N",28823,Sevilla,Spain,,Spain,EUR,H-92873694,ES1200301542500000821272,BSCHESMM,,,Mariner Financial,ES,Suppliers,,,,,
B92192665,Timeout Spain Media S.A.,"C/ Darwin, S/N",29590,Santiago,Spain,,Spain,EUR,T41073927,ES1200301542500000821272,BSCHESMM,,,Mariner Financial,ES,Suppliers,,,,,
B92192665,"4 IN PRODUCTIONS, S.L.","Mare de Deu del Pilar, 67-71",29590,Santiago,Spain,,Spain,EUR,T41073927,ES1200751296590606651116,BSCHESMM,,,Mariner Financial,ES,Suppliers,,,,,
ESB62591359,"4 IN PRODUCTIONS, S.L.","Mare de Deu del Pilar, 67-71",8799,Albacete,Spain,,Spain,EUR,UKA42687510,ES1200751296590606651116,BSCHESMM,,,Mariner Financial,ES,Suppliers,,,,,
ESB62591359,"A-NOVO CONNECT ESPAÑA, S.L.","Calle de la Paz, 3",8799,Albacete,Spain,,Spain,EUR,UKA42687510,ES1201821304110201566771,BSCHESMM,,,Sierra Mutual Bank,ES,Suppliers,,,,,
A82756610,"A-NOVO CONNECT ESPAÑA, S.L.","Calle de la Paz, 3",28004,Sevilla,Spain,,Spain,EUR,G59837201,ES1201825341210200244857,BSCHESMM,,,Evergreen Federal Bank,ES,Suppliers,,,,,
A82756610,CASA AMETLLER FOOD S.L.,"Avenida Varsovia, No 27",28004,Sevilla,Spain,,Spain,EUR,G59837201,ES1201825341210200244857,BSCHESMM,,,Evergreen Federal Bank,ES,Suppliers,,,,,
B84904127,CASA AMETLLER FOOD S.L.,"Avenida Varsovia, No 27",28232,Sevilla,Spain,,Spain,EUR,J85267144,ES1300815200190001479350,BSCHESMM,,,Genesis National Bank,ES,Suppliers,,,,,
B84904127,Petit Palace Madrid Chueca,C/ Los Robles 19,28232,Sevilla,Spain,,Spain,EUR,J85267144,ES1300815200190001479350,BSCHESMM,,,Genesis National Bank,ES,Suppliers,,,,,
71682027C,Petit Palace Madrid Chueca,Passatge Montserrat 3,48002,LISBON,Spain,,Spain,EUR,M73518207Z,ES1401823999310011645558,BSCHESMM,,,Genesis National Bank,ES,Suppliers,,,,,
23890443K,Natuaventura Group,Passatge Montserrat 3,8028,Valencia,Spain,,Spain,EUR,W27183294A,ES1401823999310011645558,BSCHESMM,,,Grand Savings,ES,Suppliers,,,,,
23890443K,Natuaventura Group,"Calle Gran Vía, 26, 3º",8028,Alicante,Spain,,Spain,EUR,W27183294A,ES1701280734710100078202,BSCHESMM,,,Grand Savings,ES,Suppliers,,,,,
V78652203,PELAYO GARCÍA PÉREZ,"Calle Gran Vía, 26, 3º",28014,Alicante,Spain,,Spain,EUR,Q67452180,ES1701280734710100078202,BSCHESMM,,,Grand Savings,ES,Suppliers,,,,,
V78652203,PELAYO GARCÍA PÉREZ,"C/ Badajoz, 3",28014,Barcelona,Spain,,Spain,EUR,Q67452180,ES1701822329940201583532,BSCHESMM,,,Grand Savings,ES,Suppliers,,,,,
A80546088,LUCÍA PÉREZ GÓMEZ,"C/ Badajoz, 3",28027,Barcelona,Spain,,Spain,EUR,P86079531,ES1721009451812200020648,BSCHESMM,,,Grand Savings,ES,Suppliers,,,,,
A80546088,LUCÍA PÉREZ GÓMEZ,C/ Antón Martín 13 Bajo G,28027,LISBON,Spain,,Spain,EUR,P86079531,ES1721009451812200020648,BSCHESMM,,,Grand Savings,ES,Suppliers,,,,,
B72724552,CEDROA,C/ Antón Martín 13 Bajo G,11500,LISBON,Spain,,Spain,EUR,K21096783,ES1901829465660201817246,BSCHESMM,,,Grand Savings,ES,Suppliers,,,,,
B72724552,CEDROA,"C/ San Sebastián 13, Esc. 2 Bajo 2",11500,Madrid,Spain,,Spain,EUR,K21096783,ES1901829465660201817246,BSCHESMM,,,Grand Savings,ES,Suppliers,,,,,
B88623277,Ilunion Hotels Group S.A.,"C/ San Sebastián 13, Esc. 2 Bajo 2",28002,Madrid,Spain,,Spain,EUR,R88147295,ES2001823999390201529154,BBVAESMM,,,Grand Savings,ES,Suppliers,,,,,
33522424-Q,Ilunion Hotels Group S.A.,"Calle Paseo de la Marea, 21, nº8",28343,Sevilla,Spain,,Spain,EUR,X10274651-B,ES2001823999390201529154,BBVAESMM,,,Grand Savings,ES,Suppliers,,,,,
33522424-Q,HOY SE COME SANO,"Calle Paseo de la Marea, 21, nº8",28343,Sevilla,Spain,,Spain,EUR,X10274651-B,ES2300490262082110382784,BBVAESMM,,,Grand Savings,ES,Suppliers,,,,,
70050958L,HOY SE COME SANO,"Calle de Pinar, 112",28510,Sevilla,Spain,,Spain,EUR,U53108692T,ES2300490262082110382784,BBVAESMM,,,Grand Savings,ES,Suppliers,,,,,
70050958L,LA RUMBA MADRID SAGASTA,"Calle de Pinar, 112",28510,Sevilla,Spain,,Spain,EUR,U53108692T,ES2300810200210002718278,BBVAESMM,,,Grand Savings,ES,Suppliers,,,,,
A28017895,LA RUMBA MADRID SAGASTA,"Camino de los Llanos, 24",28009,Malaga,Spain,,Spain,EUR,A84725750,ES2301280016680100054195,BBVAESMM,,,Grand Savings,ES,Suppliers,,,,,
A28017895,Javier Díaz Rodríguez,"Camino de los Llanos, 24",28009,Malaga,Spain,,Spain,EUR,A84725750,ES2301280016680100054195,BBVAESMM,,,Grand Savings,ES,Suppliers,,,,,
05458139D,Javier Díaz Rodríguez,"C/ Río de Janeiro, 48, 3-4B",28223,Madrid,Spain,,Spain,EUR,M25417692F,ES2321003019132200617751,BSCHESMM,,,Grand Savings,ES,Suppliers,,,,,
05458139D,LIONSHIP MEDIA,Plaza Mayor No 6,28223,Madrid,Spain,,Spain,EUR,M25417692F,ES2321003019132200617751,BSCHESMM,,,Grand Savings,ES,Suppliers,,,,,
ESB64207665,LIONSHIP MEDIA,Plaza Mayor No 6,8005,Madrid,Spain,,Spain,EUR,T29058361,ES2421002931951300452295,BSCHESMM,,,Apex Community Bank,ES,Suppliers,,,,,
7501068D,El Corte Inglez S.A.,"Avenida Sevilla, 229, Ático",28015,Madrid,Spain,,Spain,EUR,M83726145,ES2421002931951300452295,BSCHESMM,,,Bayside Credit Union,ES,Suppliers,,,,,
7501068D,El Corte Inglez S.A.,"Avenida Sevilla, 229, Ático",28015,Granada,Spain,,Spain,EUR,M83726145,ES2521000469540200051179,BSCHESMM,,,Bayside Credit Union,ES,Suppliers,,,,,
B65071862,Alicia Mena Sánchez,"Calle del Marqués, 7",8013,Valencia,Spain,,Spain,EUR,J92635871,ES2521000469540200051179,CAIXESBB,,,Bayside Credit Union,ES,Suppliers,,,,,
B65071862,Alicia Mena Sánchez,"Calle del Marqués, 7",8013,Valencia,Spain,,Spain,EUR,J92635871,ES2700491555192110245840,CAIXESBB,,,Prime Federal Bank,ES,Suppliers,,,,,
A12426086,Canela Comunicaciones S.L.,"Puigmont, 3, 08185 Rivas",28027,Lisbon,Spain,,Spain,EUR,S34018492Y,ES2700491555192110245840,CAIXESBB,,,Colonial Reserve Bank,ES,Suppliers,,,,,
A12426086,Canela Comunicaciones S.L.,"Puigmont, 3, 08185 Rivas",28027,Lisbon,Spain,,Spain,EUR,S34018492Y,ES2800810603090001401348,CAIXESBB,,,Colonial Reserve Bank,ES,Suppliers,,,,,
A58398819,David Chamorro Rodríguez,"Calle de los Leones, No 1, Planta 8",8185,Madrid,Spain,,Spain,EUR,V92137463,ES2800810603090001401348,CAIXESBB,,,Sunset Reserve Bank,ES,Manu suppl,,,,,
A58398819,David Chamorro Rodríguez,"Carrer de la Rambla, 12",8185,Madrid,Spain,,Spain,EUR,G74260384,ES2901820999800208514028,CAIXESBB,,,Sunset Reserve Bank,ES,Manu suppl,,,,,
B05487822,CloudWork Studios,"Carrer de la Rambla, 12",28015,San Sebastián,Spain,,Spain,EUR,G74260384,ES2901820999800208514028,CAIXESBB,,,True North Bank,ES,Suppliers,,,,,
ESG64030158,CloudWork Studios,"Plaza de la Luna, 22",8002,San Sebastián,Spain,,Spain,EUR,T18352874,ES3015447889766650560161,BSABESBB,,,True North Bank,ES,Suppliers,,,,,
ESG64030158,Cafe Store Solutions,"Plaza de la Luna, 22",8002,Madrid,Spain,,Spain,EUR,T18352874,ES3015447889766650560161,BSABESBB,,,People's Savings Bank,ES,Suppliers,,,,,
ESB84555317,Cafe Store Solutions,"Calle Felipe del Valle, 27, Portal 4, 7C",28033,Madrid,Spain,,Spain,EUR,F12867240L,ES3200810050120001545761,BSABESBB,,,People's Savings Bank,ES,Suppliers,,,,,
ESB84555317,BIOCOP BIOLÓGICOS S.A.,"Calle Felipe del Valle, 27, Portal 4, 7C",28033,Madrid,Spain,,Spain,EUR,F12867240L,ES3200810050120001545761,BSABESBB,,,Phoenix Bank Group,ES,Suppliers,,,,,
70079231W,BIOCOP BIOLÓGICOS S.A.,"Rambla de la Ribera, 52",28055),Madrid,Spain,,Spain,EUR,A63470821B,ES3401822325090204048384,BSABESBB,,,Phoenix Bank Group,ES,Suppliers,,,,,
70079231W,Appinio Digital S.L.U.,"Rambla de la Ribera, 52",28055),Barcelona,Spain,,Spain,EUR,A63470821B,ES3414740000110015488302,BSABESBB,,,Pathfinder Financial,ES,Suppliers,,,,,
52425101M,Appinio Digital S.L.U.,"Calle López de Xxxxxx, Nº 64, 1º D",8800,Barcelona,Spain,,Spain,EUR,P53908172G,ES3414740000110015488302,BSABESBB,,,Trustwell Bank,ES,Suppliers,,,,,
52425101M,Universidad Pompeu Fabra - Barcelona,"Avinguda de Catalunya, 6-8, 1st Floor",8800,Madrid,Spain,,Spain,EUR,P53908172G,ES3521001227111300228394,BSABESBB,,,Trustwell Bank,ES,Suppliers,,,,,
B88080932,Universidad Pompeu Fabra - Barcelona,"Avinguda de Catalunya, 6-8, 1st Floor",28002,Madrid,Spain,,Spain,EUR,W72859406A,ES3521001227111300228394,BSABESBB,,,Heritage Federal Bank,ES,Suppliers,,,,,
ESB66484577,PHD MEDIA ESPAÑA,"C. del Maestro Serrano, 3",8002,Córdoba,Spain,,Spain,EUR,W72859406A,ES3521003555902201001637,CITIESM,,,Heritage Federal Bank,ES,Suppliers,,,,,
ESB66484577,PHD MEDIA ESPAÑA,"C. del Maestro Serrano, 3",8002,Córdoba,Spain,,Spain,EUR,X20475983,ES3521003555902201001637,CITIESM,,,Union Reserve Bank,ES,Suppliers,,,,,
B67140889,ALEJANDRO DURÁN MARTÍNEZ,"Calle Xxxxxx, 12",22300,Barcelona,Spain,,Spain,EUR,X20475983,ES03 2038 5903 2960 0007 6484,CITIESM,,,Union Reserve Bank,ES,Suppliers,,,,,
B67140889,ALEJANDRO DURÁN MARTÍNEZ,"Calle Xxxxxx, 12",22300,Barcelona,Spain,,Spain,EUR,K12934582,ES03 2038 5903 2960 0007 6484,CITIESM,,,Union Reserve Bank,ES,Suppliers,,,,,
B13958103,ESTHER CID GARCÍA,"Avda. Montseny, 6",28640,Madrid,Spain,,Spain,EUR,L89076159,ES3667248440041131841997,CITIESM,,,Inland Empire Bank,ES,Suppliers,,,,,
B13958103,ESTHER CID GARCÍA,"Calle Joaquín Costa, 5, 4º-B",28640,Madrid,Spain,,Spain,EUR,L89076159,ES3667248440041131841997,CITIESM,,,Inland Empire Bank,ES,Suppliers,,,,,
G79852257,TASTY POKE FOOD CORPORATION SL,"Calle Joaquín Costa, 5, 4º-B",28903,Gijón,Spain,,Spain,EUR,M84169023,ES3714650100962046485235,CITIESM,,,Progressive Trust Bank,ES,Suppliers,,,,,
G79852257,TASTY POKE FOOD CORPORATION SL,"C/ Torre de Hércules, 13",28903,Gijón,Spain,,Spain,EUR,M84169023,ES3714650100962046485235,CITIESM,,,Progressive Trust Bank,ES,Suppliers,,,,,
50351346E,"TravelPerk Solutions, S.L.","C/ Torre de Hércules, 13",45910,Madrid,Spain,,Spain,EUR,B21634570X,ES3721037843310030628694,CITIESM,,,Sunrise Federal Bank,ES,Suppliers,,,,,
48672217P,"TravelPerk Solutions, S.L.",Calle Fuente Nueva No 108,3005,Madrid,Spain,,Spain,EUR,B21634570X,ES3721037843310030628694,INGDESMM,,,Sunrise Federal Bank,ES,Suppliers,,,,,
48672217P,Onlythejuice Consulting Group,Calle Fuente Nueva No 108,3005,Marbella,Spain,,Spain,EUR,J59132084Y,ES3900495100302817204819,INGDESMM,,,Guardian Credit Union,ES,Suppliers,,,,,
29109358Y,Onlythejuice Consulting Group,"Calle de Soler, 34, 3D Ático",28770,Marbella,Spain,,Spain,EUR,J59132084Y,ES3900495100302817204819,INGDESMM,,,Southern Trust Bank,ES,Suppliers,,,,,
29109358Y,CREADORES DIGITALES NETWORK SL,"Calle de Soler, 34, 3D Ático",28770,Vigo,Spain,,Spain,EUR,R67829481V,ES3900496138312710010841,INGDESMM,,,Southern Trust Bank,ES,Suppliers,,,,,
B87685277,CREADORES DIGITALES NETWORK SL,"Príncipe de Alcalá, 13, 3º A",28001,Vigo,Spain,,Spain,EUR,R67829481V,ES3900496138312710010841,INGDESMM,,,Evergreen Federal Bank,ES,Suppliers,,,,,
B87685277,FUNDACIÓN UNIVERSITARIA UC3,"C/ Mandarín, 10",28001,Valencia,Spain,,Spain,EUR,A64273612B,ES4201280360620100061294,INGDESMM,,,Evergreen Federal Bank,ES,Suppliers,,,,,
Y5616515K,FUNDACIÓN UNIVERSITARIA UC3,"C/ Mandarín, 10",28028,Valencia,Spain,,Spain,EUR,A64273612B,ES4201280360620100061294,BSCHESMM,,,Genesis National Bank,ES,Suppliers,,,,,
Y5616515K,MINERVA PRADILLO MINGUEZ CONSULTING,"Pasaje Bolívar, 18, Piso 1, 3-4, Madrid, España",28028,Madrid,Spain,,Spain,EUR,P34679509,ES4201289454750100026743,BSCHESMM,,,Genesis National Bank,ES,Suppliers,,,,,
B87724548,MINERVA PRADILLO MINGUEZ CONSULTING,"Pasaje Bolívar, 18, Piso 1, 3-4, Madrid, España",28001,Madrid,Spain,,Spain,EUR,P34679509,ES4201289454750100026743,BSCHESMM,,,Genesis National Bank,ES,Suppliers,,,,,
B87558920,Alejandro Navarro García,"C. Manuel García, 61",33930,Santander,Spain,,Spain,EUR,J53728106C,ES4521003893160200542245,BSCHESMM,,,Grand Savings,ES,Suppliers,,,,,
B06933196,CRUZ BASTOS VANESA,"Av. Central 423, Principal 1",28020,Bilbao,Spain,,Spain,EUR,R45060739V,ES4600817112820002457254,CAIXESBB,,,Grand Savings,ES,Suppliers,,,,,
B06933196,CRUZ BASTOS VANESA,"Av. Central 423, Principal 1",28020,Bilbao,Spain,,Spain,EUR,R45060739V,ES4600817112820002457254,CAIXESBB,,,Apex Community Bank,ES,Suppliers,,,,,
B56939200,INMUEBLES QUEVEDO SEIS S.L.,"Calle Santa María, 11, 1D",28660,Madrid,Spain,,Spain,EUR,B39420126S,ES4700495707702416088908,BSABESBB,,,Apex Community Bank,ES,Suppliers,,,,,
B56939200,INMUEBLES QUEVEDO SEIS S.L.,Centro Comercial La Rotonda,28660,Madrid,Spain,,Spain,EUR,B39420126S,ES4700495707702416088908,BSABESBB,,,Blue Ridge Bank,ES,Suppliers,,,,,
B66831165,Dylan Marshall Lima,Centro Comercial La Rotonda,8036,Almería,Spain,,Spain,EUR,C36248570,ES4702390806753655985328,BSABESBB,,,Summit Financial Trust,ES,Manu suppl,,,,,
B66831165,Dylan Marshall Lima,"Calle Xaloc, 7",8036,Almería,Spain,,Spain,EUR,C36248570,ES4702390806753655985328,BSABESBB,,,Summit Financial Trust,ES,Manu suppl,,,,,
02384322G,FUDEAT SOLUTIONS,"Calle Xaloc, 7",3690,Madrid,Spain,,Spain,EUR,K29759273,ES4721002931931300316179,EVOBESMM,,,Colonial Reserve Bank,ES,Suppliers,,,,,
A-28/581882,FUDEAT SOLUTIONS,"Avenida la Costa, 12",28029,Madrid,Spain,,Spain,EUR,K29759273,ES4721002931931300316179,CAIXESBB,,,Colonial Reserve Bank,ES,Suppliers,,,,,
A-28/581882,INNERIA CENTER SLU,"Avenida la Costa, 12",28029,Valencia,Spain,,Spain,EUR,B47258015,ES4801280076170100063138,CAIXESBB,,,Sunset Reserve Bank,ES,Suppliers,,,,,
B87651949,INNERIA CENTER SLU,"C/ Gladiola 4, 1º",28002,Valencia,Spain,,Spain,EUR,B47258015,ES4801280076170100063138,CAIXESBB,,,Epic Financial Group,ES,Suppliers,,,,,
B87651949,MALVÓN STAR PRODUCTIONS SL,"C/ Gladiola 4, 1º",28002,Murcia,Spain,,Spain,EUR,S83634720B,ES5000491820682810564537,CAIXESBB,,,Epic Financial Group,ES,Suppliers,,,,,
G63059521,MALVÓN STAR PRODUCTIONS SL,"C/ San Vicente, 2",8480,Murcia,Spain,,Spain,EUR,S83634720B,ES5000491820682810564537,BSCHESMM,,,Epic Financial Group,ES,Suppliers,,,,,
G63059521,Lab Media and Communication Group SL,"Calle Corregidor, 41",8480,Córdoba,Spain,,Spain,EUR,N24754892Z,ES5000730100540548681612,BSCHESMM,,,People's Savings Bank,ES,Suppliers,,,,,
53756195C,Lab Media and Communication Group SL,"Calle Corregidor, 41",28039,Córdoba,Spain,,Spain,EUR,N24754892Z,ES5000730100540548681612,BSCHESMM,,,People's Savings Bank,ES,Suppliers,,,,,
53756195C,CHEF SAM GLOBAL BUSINESS CONSULTING S.L.,"Calle Marrocos, 1, 2º B Esc Izq.",28039,Madrid,Spain,,Spain,EUR,J82560172T,ES5001824021560202010711,BSCHESMM,,,Phoenix Bank Group,ES,Suppliers,,,,,
B42910596,CHEF SAM GLOBAL BUSINESS CONSULTING S.L.,"Calle Marrocos, 1, 2º B Esc Izq.",28026,Madrid,Spain,,Spain,EUR,J82560172T,ES5001824021560202010711,BSCHESMM,,,Phoenix Bank Group,ES,Suppliers,,,,,
B86565124,Michael Ramírez Vargas Consulting,"C/ Fernando Colón, 20 - 1º",28023,Sevilla,Spain,,Spain,EUR,F30187246R,ES5200815151960001157322,BSCHESMM,,,Pathfinder Financial,ES,Manu suppl,,,,,
B87528204,Alcampo España,"Calle de la Luna, 60, 7º, Izq",28007,Madrid,Spain,,Spain,EUR,V57294530T,ES5301824866610201625364,BBVAESMM,,,Atlas Credit Union,ES,Suppliers,,,,,
B88044938,BINFLUENCER MEDIA,"Calle Jacometrezo, 15, 3D",28043,Valladolid,Spain,,Spain,EUR,K74685239B,ES5600493694162414015459,BBVAESMM,,,Atlas Credit Union,ES,Suppliers,,,,,
B88044938,BINFLUENCER MEDIA,"Calle del Rey, Nº 15, Local 3",28043,Valladolid,Spain,,Spain,EUR,K74685239B,ES5600493694162414015459,BBVAESMM,,,Union Reserve Bank,ES,Suppliers,,,,,
G88503065,FUNDACIÓN PUEBLO SOLIDARIO,"Calle del Rey, Nº 15, Local 3",28017,Barcelona,Spain,,Spain,EUR,H91347521Y,ES5600730100570505943739,BBVAESMM,,,Union Reserve Bank,ES,Suppliers,,,,,
G88503065,FUNDACIÓN PUEBLO SOLIDARIO,"C/ Camino de la Raza, 5, Las Rozas",28017,Barcelona,Spain,,Spain,EUR,H91347521Y,ES5600730100570505943739,BBVAESMM,,,Mariner Financial,ES,Suppliers,,,,,
B90429044,JAVIER MARTÍNEZ RIVERA,"C/ Camino de la Raza, 5, Las Rozas",28013,Madrid,Spain,,Spain,EUR,X20863574T,ES5700497699192110002120,BBVAESMM,,,Mariner Financial,ES,Suppliers,,,,,
B67960054,JAVIER MARTÍNEZ RIVERA,"Ronda de Ginebra, 10",28045,Madrid,Spain,,Spain,EUR,X20863574T,ES5700497699192110002120,BBVAESMM,,,Victory Bank Corporation,ES,Suppliers,,,,,
B67960054,OLYMPIA MARKETING AGENCY,"Ronda de Ginebra, 10",28045,Madrid,Spain,,Spain,EUR,J54790283P,ES5701824041100202695592,BBVAESMM,,,Victory Bank Corporation,ES,Suppliers,,,,,
B88292189,OLYMPIA MARKETING AGENCY,"Calle Buenos Aires, 29",28010,Madrid,Spain,,Spain,EUR,B88292189,ES5701824041100202695592,BBVAESMM,,,Skyline Trust Bank,ES,Suppliers,,,,,
B88292189,MOMENTOS DE BUEN CAFE S.L.,"Calle Buenos Aires, 29",28010,Vigo,Spain,,Spain,EUR,B88292189,ES5800811389730001275437,BBVAESMM,,,Skyline Trust Bank,ES,Suppliers,,,,,
G08557985,MOMENTOS DE BUEN CAFE S.L.,"Calle del Río, 2, 3ª Planta",8017,Vigo,Spain,,Spain,EUR,G08557985,ES5800811389730001275437,BBVAESMM,,,Highland Savings Bank,ES,Suppliers,,,,,
G08557985,Veracontent Group,"C/ Sierra, 33",8017,Madrid,Spain,,Spain,EUR,G08557985,ES5900491806902211869812,BBVAESMM,,,Highland Savings Bank,ES,Suppliers,,,,,
B87100004,Veracontent Group,"C/ Sierra, 33",28028,Madrid,Spain,,Spain,EUR,B87100004,ES5900491806902211869812,BBVAESMM,,,Southern Trust Bank,ES,Suppliers,,,,,
B87100004,RIGEL MEDIA SOLUTIONS S.L.,"C/Sancho Panza, 19-21, Ático 1",28028,La Coruña,Spain,,Spain,EUR,B87100004,ES6000491555112010236310,BBVAESMM,,,Southern Trust Bank,ES,Suppliers,,,,,
B28264901,RIGEL MEDIA SOLUTIONS S.L.,"C/Sancho Panza, 19-21, Ático 1",28034,La Coruña,Spain,,Spain,EUR,B28264901,ES6000491555112010236310,BBVAESMM,,,Evergreen Federal Bank,ES,Suppliers,,,,,
B84664341,ASOCIACIÓN VIVIR SIN PLÁSTICO GLOBAL,"Calle Teodoro, 32",28038,San Sebastián,Spain,,Spain,EUR,B84664341,ES6100810300670001693780,BBVAESMM,,,Pioneer Federal Bank,ES,Suppliers,,,,,
47879048V,Numu Corp Spain Limited,"C/ Berta, Nº 12, N 2ºC",8021,Valencia,Spain,,Spain,EUR,47879048V,ES6120859297260330200981,BBVAESMM,,,Meridian Trust Bank,ES,Suppliers,,,,,
B86653284,THE ETER GROUP S.L.,"C/ Fuster, 11-12",28004,San Sebastián,Spain,,Spain,EUR,B86653284,ES6301821045200208518130,CAIXESBB,,,Grand Savings,ES,Suppliers,,,,,
B86653284,THE ETER GROUP S.L.,"Avda. del Sol, 42",28004,San Sebastián,Spain,,Spain,EUR,B86653284,ES6301821045200208518130,CAIXESBB,,,Grand Savings,ES,Suppliers,,,,,
51997012S,Caldos y Manjares Global S.L.,"Avda. del Sol, 42",28891,Madrid,Spain,,Spain,EUR,51997012S,ES6321000004490201389698,CAIXESBB,,,Grand Savings,ES,Suppliers,,,,,
51997012S,Caldos y Manjares Global S.L.,"Calle Fabiola, 102, 10º Dcha.",28891,Madrid,Spain,,Spain,EUR,51997012S,ES6321000004490201389698,CAIXESBB,,,Apex Community Bank,ES,Suppliers,,,,,
B64861495,AECOC / Asociación Española Codificación Comercial,"Calle Fabiola, 102, 10º Dcha.",8508,Vigo,Spain,,Spain,EUR,B64861495,ES6421000496391300856302,CAIXESBB,,,Apex Community Bank,ES,Suppliers,,,,,
ESG28009116,AECOC / Asociación Española Codificación Comercial,"C\ Médico Rodríguez, 18 bajo 2",28014,Vigo,Spain,,Spain,EUR,ESG28009116,ES6421000496391300856302,CAIXESBB,,,Apex Community Bank,ES,Suppliers,,,,,
ESG28009116,2b-Tube Studios Media SL,"C\ Médico Rodríguez, 18 bajo 2",28014,San Sebastián,Spain,,Spain,EUR,ESG28009116,ES6530350175881750733950,CAIXESBB,,,Summit Financial Trust,ES,Suppliers,,,,,
B85837078,2b-Tube Studios Media SL,"Calle Ramón y Cajal, 7",28033,San Sebastián,Spain,,Spain,EUR,B85837078,ES6530350175881750733950,CAIXESBB,,,Summit Financial Trust,ES,Suppliers,,,,,
B85837078,RODILLA SÁNCHEZ GROUP S.L.,"Calle Ramón y Cajal, 7",28033,Alicante,Spain,,Spain,EUR,B85837078,ES6621000921801300685858,CAIXESBB,,,Colonial Reserve Bank,ES,Suppliers,,,,,
B01863968,RODILLA SÁNCHEZ GROUP S.L.,"C/ Avellana, 14",15004,Alicante,Spain,,Spain,EUR,B01863968,ES6621000921801300685858,CAIXESBB,,,Peak Community Bank,ES,Suppliers,,,,,
B01863968,Mangas Verdes Consulting S.L.,"Calle Aragonés, 6, 5ª Planta",15004,Madrid,Spain,,Spain,EUR,B01863968,ES6701280035660100017534,CAIXESBB,,,Peak Community Bank,ES,Suppliers,,,,,
B08639734,Mangas Verdes Consulting S.L.,"Calle Aragonés, 6, 5ª Planta",8006,Madrid,Spain,,Spain,EUR,B08639734,ES6701280035660100017534,BBVAESMM,,,Peak Community Bank,ES,Suppliers,,,,,
B08639734,M Leticia Galofré Consultora,"Calle Sierra, 239",8006,Madrid,Spain,,Spain,EUR,B08639734,ES6900817610790002101220,BBVAESMM,,,Peak Community Bank,ES,Suppliers,,,,,
A81601700,M Leticia Galofré Consultora,"Calle Sierra, 239",28016,Madrid,Spain,,Spain,EUR,A81601700,ES6900817610790002101220,BSCHESMM,,,Coastal National Bank,ES,Suppliers,,,,,
B86590841,La Pescadería de Ballesta S.L.,"Avenida César Vallejo, 25",28003,Badajoz,Spain,,Spain,EUR,B86590841,ES6901822342180010053641,BSCHESMM,,,Coastal National Bank,ES,Suppliers,,,,,
B86590841,La Pescadería de Ballesta S.L.,"Avenida César Vallejo, 25",28003,Badajoz,Spain,,Spain,EUR,B86590841,ES6901822342180010053641,BSCHESMM,,,Paramount Reserve Bank,ES,Suppliers,,,,,
B67535799,MIGUEL ÁNGEL GALLEGO LOPEZ,"Calle del Norte, 53",8020,Barcelona,Spain,,Spain,EUR,B67535799,ES7000491811332510384904,BSCHESMM,,,Paramount Reserve Bank,ES,Suppliers,,,,,
B64076482,SDA CATALUNYA DISTRIBUIDORA S.A.,"P.I. La Valla, Parcela 72, Nave 12",28003,Zaragoza,Spain,,Spain,EUR,B64076482,ES7020859287550330382646,BSCHESMM,,,Paramount Reserve Bank,ES,Suppliers,,,,,
B64076482,SDA CATALUNYA DISTRIBUIDORA S.A.,"Calle del Sol, 19, Bajo",28003,Zaragoza,Spain,,Spain,EUR,B64076482,ES7020859287550330382646,BSCHESMM,,,Apex Community Bank,ES,Suppliers,,,,,
B85226488,CÍRCULO BELLAS ARTES MADRID,"Calle del Sol, 19, Bajo",28008,Madrid,Spain,,Spain,EUR,B85226488,ES7201824609950205685374,BSABESBB,,,Apex Community Bank,ES,Suppliers,,,,,
B85226488,CÍRCULO BELLAS ARTES MADRID,"Calle Magenta, 10",28008,Madrid,Spain,,Spain,EUR,B85226488,ES7201824609950205685374,BSABESBB,,,Blue Ridge Bank,ES,Suppliers,,,,,
B86172996,HALLON INTELLIGENCE SOLUTIONS S.L.,"Calle Magenta, 10",28890,Madrid,Spain,,Spain,EUR,B86172996,ES7321008660620200049131,BSABESBB,,,Summit Financial Trust,ES,Suppliers,,,,,
B81800385,HALLON INTELLIGENCE SOLUTIONS S.L.,"Avenida de Gran Canaria, 196",28004,Madrid,Spain,,Spain,EUR,B81800385,ES7321008660620200049131,CAIXESBB,,,Summit Financial Trust,ES,Suppliers,,,,,
B81800385,DEGITARU DIGITAL S.L.,"Avenida de Gran Canaria, 196",28004,Madrid,Spain,,Spain,EUR,B81800385,ES7400815207330001192424,CAIXESBB,,,Colonial Reserve Bank,ES,Suppliers,,,,,
ESB62505524,DEGITARU DIGITAL S.L.,"C/ San Ignacio, Nº 98, Escalera 2, 1º Izquierda",33348,Madrid,Spain,,Spain,EUR,ESB62505524,ES7400815207330001192424,CAIXESBB,,,Colonial Reserve Bank,ES,Suppliers,,,,,
ESB62505524,BOVE MONTERO & ASOCIADOS,"C/ Aragonés, 29",33348,Gijón,Spain,,Spain,EUR,ESB62505524,ES7521008849182200035622,CAIXESBB,,,Colonial Reserve Bank,ES,Suppliers,,,,,
B88631593,BOVE MONTERO & ASOCIADOS,"C/ Aragonés, 29",28001,Gijón,Spain,,Spain,EUR,B88631593,ES7521008849182200035622,CAIXESBB,,,Colonial Reserve Bank,ES,Suppliers,,,,,
B88631593,ECOEMBALAJES ESPAÑA S.A.,"Avda. Juan XXIII, Nº 10, 7D",28001,Madrid,Spain,,Spain,EUR,B88631593,ES7621005986350200049949,CAIXESBB,,,True North Bank,ES,Suppliers,,,,,
ESB78187952,ECOEMBALAJES ESPAÑA S.A.,"Avda. Juan XXIII, Nº 10, 7D",28026,Madrid,Spain,,Spain,EUR,ESB78187952,ES7621005986350200049949,CAIXESBB,,,True North Bank,ES,Suppliers,,,,,
ESB78187952,Goiko Gourmet Chain S.L.,"Plaza del Mar, 12",28026,Lisbon,Spain,,Spain,EUR,ESB78187952,ES7700302019910297752274,CAIXESBB,,,People's Savings Bank,ES,Suppliers,,,,,
B85045326,Goiko Gourmet Chain S.L.,"Plaza del Mar, 12",28006,Lisbon,Spain,,Spain,EUR,B85045326,ES7700302019910297752274,CAIXESBB,,,Paramount Reserve Bank,ES,Suppliers,,,,,
53289293H,YOU TEACH ACADEMY S.L.,"Calle Rafael Sanz, 14",8024,London,Spain,,Spain,EUR,53289293H,ES7800496728812416354921,CAIXESBB,,,Paramount Reserve Bank,ES,Suppliers,,,,,
53289293H,YOU TEACH ACADEMY S.L.,"Calle Rafael Sanz, 14",8024,London,Spain,,Spain,EUR,53289293H,ES7800496728812416354921,CAIXESBB,,,Capital City Bank,ES,Suppliers,,,,,
05290520Z,QUIRÓN PREVENCIÓN SA,"Calle Almuñécar, Nº 15, 3º Centro Izquierda",28035,Naples,Spain,,Spain,EUR,05290520Z,ES8021003976210200107898,CAIXESBB,,,Capital City Bank,ES,Suppliers,,,,,
05290520Z,QUIRÓN PREVENCIÓN SA,"Calle Ávila, 4, 215",28035,Naples,Spain,,Spain,EUR,05290520Z,ES8021003976210200107898,CAIXESBB,,,Trustwell Bank,ES,Suppliers,,,,,
B79104469,Kleinson Consulting Group,"Calle Ávila, 4, 215",28020,Madrid,Spain,,Spain,EUR,B79104469,ES8100751283450600226027,CAIXESBB,,,Trustwell Bank,ES,Suppliers,,,,,
B79104469,Kleinson Consulting Group,Los Dos Girasoles,28020,Madrid,Spain,,Spain,EUR,B79104469,ES8100751283450600226027,CAIXESBB,,,Heritage Federal Bank,ES,Suppliers,,,,,
B70589262,Grupo Fire Solutions S.L.,Los Dos Girasoles,15011,A Coruña,Spain,,Spain,EUR,B70589262,ES8221003184102101462073,CAIXESBB,,,Heritage Federal Bank,ES,Suppliers,,,,,
B70589262,Grupo Fire Solutions S.L.,"Calle la Rambla, 396, Entresuelo 2ª",15011,A Coruña,Spain,,Spain,EUR,B70589262,ES8221003184102101462073,CAIXESBB,,,Heritage Federal Bank,ES,Suppliers,,,,,
ESB86676079,Pool de Creaciones Publicitarias U.S.,"Calle la Rambla, 396, Entresuelo 2ª",28010,MADRID,Spain,,Spain,EUR,ESB86676079,ES8321003400631300242432,CAIXESBB,,,Patriot Credit Union,ES,Suppliers,,,,,
B86654035,Pool de Creaciones Publicitarias U.S.,"Calle Mayor, 3",28232,Las Rozas de Madrid,Spain,,Spain,EUR,B86654035,ES8321003400631300242432,CAIXESBB,,,Mariner Financial,ES,Suppliers,,,,,
B86654035,ONEDIRECT TELECOM S.L.,"Calle Mayor, 3",28232,Las Rozas de Madrid,Spain,,Spain,EUR,B86654035,ES8801286010130101099955,CAIXESBB,,,Mariner Financial,ES,Suppliers,,,,,
B87310322,ONEDIRECT TELECOM S.L.,"Velázquez, 64-66, 7ª",28760,Madrid,Spain,,Spain,EUR,B87310322,ES8801286010130101099955,BBVAESMM,,,Victory Bank Corporation,ES,Suppliers,,,,,
B87310322,MONDAY BY URBANIA 8 MEDIA S.L.,"Velázquez, 64-66, 7ª",28760,Madrid,Spain,,Spain,EUR,B87310322,ES8820801217513040008065,BBVAESMM,,,Victory Bank Corporation,ES,Suppliers,,,,,
40985939P,MONDAY BY URBANIA 8 MEDIA S.L.,"Calle Navarra, 112, 4ª Planta",8025,Barcelona,Spain,,Spain,EUR,40985939P,ES8820801217513040008065,BSABESBB,,,Victory Bank Corporation,ES,Suppliers,,,,,
40985939P,PELDAÑO MEDIA CORPORATION,"Calle Navarra, 112, 4ª Planta",8025,Barcelona,Spain,,Spain,EUR,40985939P,ES8901824572450208517015,BSABESBB,,,Sunrise Federal Bank,ES,Suppliers,,,,,
B28921195,PELDAÑO MEDIA CORPORATION,"C/ Castilla La Vieja, 22, 3ª Planta",28034,MADRID,Spain,,Spain,EUR,B28921195,ES8901824572450208517015,BSABESBB,,,Sunrise Federal Bank,ES,Suppliers,,,,,
B28921195,21 GRAMOS STUDIOS,"C/ Castilla La Vieja, 22, 3ª Planta",28034,MADRID,Spain,,Spain,EUR,B28921195,ES9021002383210200305320,BSABESBB,,,Guardian Credit Union,ES,Suppliers,,,,,
ESB87944641,21 GRAMOS STUDIOS,"La Calle Real, Madrid, Spain",28001,Madrid,Spain,,Spain,EUR,ESB87944641,ES9021002383210200305320,BSABESBB,,,Guardian Credit Union,ES,Suppliers,,,,,
ESB65130643,Israel Hernández Rodríguez,"La Calle Real, Madrid, Spain",28002,Madrid,Spain,,Spain,EUR,ESB65130643,ES9101826058250201600988,BOFAES2,,,Guardian Credit Union,ES,Suppliers,,,,,
ESB65130643,Israel Hernández Rodríguez,"Plaza de la Concha, 1ª Planta",28002,Madrid,Spain,,Spain,EUR,ESB65130643,ES9101826058250201600988,BOFAES2,,,Evergreen Federal Bank,ES,Suppliers,,,,,
A79312609,María de Miguel Acuña Group,"Plaza de la Concha, 1ª Planta",28037,MADRID,Spain,,Spain,EUR,A79312609,ES9200814221940001182830,BOFAES2,,,Evergreen Federal Bank,ES,Suppliers,,,,,
A79312609,María de Miguel Acuña Group,"Calle del Sol, 18",28037,MADRID,Spain,,Spain,EUR,A79312609,ES9200814221940001182830,BOFAES2,,,Genesis National Bank,ES,Suppliers,,,,,
ESW0068301A,Deloitte Spain Consulting,La Costa Verde Fundación,28046,Madrid,Spain,,Spain,EUR,ESW0068301A,ES9400493002552114431342,BOFAES2,,,Genesis National Bank,ES,Suppliers,,,,,
ESW0068301A,Deloitte Spain Consulting,La Costa Verde Fundación,28046,Madrid,Spain,,Spain,EUR,ESW0068301A,ES9400493002552114431342,BOFAES2,,,Alliance Federal Bank,ES,Suppliers,,,,,
B65669970,Bar Connecting Society Solutions S.L.,"Alcalá, 44, 6",28015,Madrid,Spain,,Spain,EUR,B65669970,ES9401490101150303781002,BBVAESMM,,,Alliance Federal Bank,ES,Suppliers,,,,,
B28260933,INSTITUTE OF NETWORKING & KNOWLEDGE,108 Rue de la Liberté,28232,Madrid,Spain,,Spain,EUR,B28260933,ES9414850001030035639020,BBVAESMM,,,Alliance Federal Bank,ES,Suppliers,,,,,
G17808247,INSTITUTE OF NETWORKING & KNOWLEDGE,108 Rue de la Liberté,17811,Girona,Spain,,Spain,EUR,G17808247,ES9414850001030035639020,CAIXESBB,,,Alliance Federal Bank,ES,Suppliers,,,,,
G17808247,VISUAL WAGON MEDIA S.L.,"Grant Tower, 56-60 John Street, 3rd Floor",17811,Girona,Spain,,Spain,EUR,G17808247,ES9421006098901300217464,CAIXESBB,,,Alliance Federal Bank,ES,Suppliers,,,,,
B70760202,VISUAL WAGON MEDIA S.L.,"Grant Tower, 56-60 John Street, 3rd Floor",28014,MADRID,Spain,,Spain,EUR,B70760202,ES9421006098901300217464,CAIXESBB,,,Alliance Federal Bank,ES,Suppliers,,,,,
B70760202,Kaizen Team Building Solutions S.L.,"Via Giovanni Verdi, 30",28014,MADRID,Spain,,Spain,EUR,B70760202,ES9601287704810100036347,CAIXESBB,,,Apex Community Bank,ES,Suppliers,,,,,
FR61642033187,Kaizen Team Building Solutions S.L.,108 RUE LAMARCK,75018,PARIS,France,,France,EUR,FR61642033187,ES9601287704810100036347,CAIXESBB,,,Apex Community Bank,ES,Suppliers,,,,,
FR61642033187,Antonio Miguel Soriano Consulting,108 RUE LAMARCK,75018,PARIS,France,,France,EUR,FR61642033187,ES9601828104510201521865,CAIXESBB,,,Blue Ridge Bank,ES,Suppliers,,,,,
GB116636714,Antonio Miguel Soriano Consulting,"Grant House, 56-60 John Street, 3rd Floor",EC1M 4HG,London,UnitedKingdom,,UnitedKingdom,GBP,GB116636714,ES9601828104510201521865,SVBKGB2L,,,Blue Ridge Bank,ES,Suppliers,,,,,
GB116636714,EDICIONES YESTUDIOS S.L.,"Grant House, 56-60 John Street, 3rd Floor",EC1M 4HG,London,UnitedKingdom,,UnitedKingdom,GBP,GB116636714,ES9701497101420303149004,SVBKGB2L,,,Prime Federal Bank,ES,Suppliers,,,,,
B84506674,EDICIONES YESTUDIOS S.L.,Via G. Compagnoni 30,20129,Milano,Italy,,Italy,EUR,B84506674,ES9701497101420303149004,CAHMESMM,,,Prime Federal Bank,ES,Suppliers,,,,,
FR09908311103,Enterprises Wellness Logistics,Dorp Straat 47,6312,STEINHAUSEN,Belgium,,,EUR,BE-987.587.369,BE7960926199,,,,,BE,Suppliers,Aiden Ford,3215634729,,,
ATU19208701,Exclusive Pharmaceutical Depot,Laan Heuvelstraat 78,6300,Zug,Belgium,ivan@pharma.ch,,CHF,JCVFKrQTHzmuR,BE9607261796,ZKBKCHZZ80A,,,,BE,Suppliers,Sophie Parker,3278421630,,,
BE0252828916,Innovations Furniture Collective,Mönchstweg 31,8905,Arni,Belgium,info@la-furniture.ch,,CHF,LFXGjZgkguyR,BE0679962917,ZKBKCHZZ80A,,,,BE,Suppliers,Liam Harris,3223947865,,,
778324040,Premier eCommerce Branding,Sonnenfel Dreef 13,8004,Zürich,Belgium,info@la-furniture.ch,,CHF,BE-101.612.228 MWST,BE6721960987,ZKBKCHZZ80A,,,,BE,Suppliers,Emily Watson,3245679182,,,
BE0672863759,Global Optics Fulfillment,Echo Plaatsen,8055,Zurich,Belgium,info@la-furniture.ch,,CHF,BE-851.103.153,BE9716260798,UBSWCHZH80A,,,,BE,Suppliers,Noah Clark,3265784931,,,
BE0244142664,Elite Architectural Emporium,Fiscale Vertredestraat 29,8004,Zürich,Belgium,info@la-furniture.ch,,CHF,BEL-192.807.718,BE0296967719,UBSWCHZH80A,,,,BE,Suppliers,Olivia Turner,3271946508,,,
BE 0842156473,Select Transportation Concierge,Jura Plaats 5,CH-8607,Seegräben,Belgium,info@la-furniture.ch,,CHF,SyRkJIq,BE7269601987,UBSWCHZH80A,,,,BE,Suppliers,Mason Lee,3234567821,,,
BE0479561664,Luxury Aerospace Safety,Theater Baan 10,CH-3011,Bern,Belgium,info@la-furniture.ch,,CHF,BEL-273.743.286,BE9761620869,KBBECH22XXX,,,,BE,Suppliers,Ava Bennett,3267085324,,,
BE0568578168,Artisan Medical Experiences,Frohburg Straat 21,CH-3600,Thun,Belgium,info@la-furniture.ch,,CHF,BEL-308.923.764,BE0692967718,KBBECH22XXX,,,,BE,Suppliers,Ethan Scott,3273648592,,,
BE 0860109391,Boutique Consulting Lifestyle,Av de Châtelaine 89,84416,Taufkirchen (Vils),Belgium,info@la-furniture.ch,,CHF,BE-371.881.690 MWST,BE7621698907,BYLADEM1ERD,,,,BE,Suppliers,Isabella Collins,3280197654,,,
BE0410958217,Atelier Infrastructure Healthcare,Esche Straat 12,8038,Zürich,Belgium,info@la-furniture.ch,,CHF,BE-384.327.535 MWST,BE9761608269,BYLADEM1ERD,,,,BE,Suppliers,James Murphy,3212345678,,,
BE0642737737,Workshop Finance Advisory,Adligenswiler Weg 22,9050,Appenzell,Belgium,info@la-furniture.ch,,EUR,BEL-510.178.292,BE0962967718,BYLADEM1ERD,,,,BE,Suppliers,Mia Brooks,3249681237,,,
BE0860109391,Collective Taxation Wellness,Schöntalparkstraat 5 postfach,CH-4626,Niederbuchsiten,Belgium,info@la-furniture.ch,,CHF,mveufuc,BE6927108679,RAIFCH22XXX,,,,BE,Suppliers,Benjamin Hill,3278095436,,,
BE0728655684,Emporium Education Fitness,Av de Platzlaan 5,8001,Zurich,Belgium,info@la-furniture.ch,,CHF,snxkl,BE9176602868,RAIFCH22XXX,,,,BE,Suppliers,Charlotte Rivera,3225678941,,,
BE0672871083,Marketplace Research Outdoor,Lerzen Straat 18,CH-4132,Basel,Belgium,info@la-furniture.ch,,CHF,BE-825.244.958 MWST,BE0962768917,BLKBCH22,,,,BE,Suppliers,Lucas Cooper,3254936782,,,
BE0746581185,Depot Development Recreation,Route d'Arnier 4,1219,Genève,Belgium,info@la-furniture.ch,,CHF,BEL-266.494.709,BE6927160879,BLKBCH22,,,,BE,Suppliers,Lily Morris,3287650913,,,
BE0888020350,Warehouse Innovation Arts,Berk Straat 84,8603,Schwarzenbach,Belgium,info@la-furniture.ch,,CHF,CHE-976.341.931,BE9176602086,BLKBCH22,,,,BE,Suppliers,Jackson Perez,3245019287,,,
BE0447827521,Logistics Technology Culture,Dorp Laan 12a,6002,Luzern,Belgium,info@la-furniture.ch,,CHF,LSoBTIHBenlflf,BE0962768191,BLKBCH22,,,,BE,Suppliers,Chloe Jenkins,3256473829,,,
BE0544411213,Fulfillment Software Creative,Sihl Kade 253,8022,Zürich,Belgium,info@la-furniture.ch,,CHF,cdewpuzmp,BE6927160798,POFICHBEXXX,,,,BE,Suppliers,Alexander Reed,3283947561,,,
BE0867686774,Procurement Hardware Publishing,Bahnhof Steenweg 10,1014,Lausanne,Belgium,info@la-furniture.ch,,CHF,FoCAhtBNwN,BE9176602086,POFICHBEXXX,,,,BE,Suppliers,Zoe James,3267893245,,,
BE0737903348,Sourcing Electronics Music,Gerold Straat 11c,AT-6433,Oetz,Belgium,info@la-furniture.ch,,EUR,BEL-443.536.623,BE0962768917,SPIMAT21XXX,,,,BE,Suppliers,Daniel Wood,3271569804,,,
BE0722977622,Trading Robotics Film,Breitenste Laan 14,8953,Dietikon,Belgium,info@la-furniture.ch,,CHF,BE-992.439.995 MWST,BE6927160798,SPIMAT21XXX,,,,BE,Suppliers,Harper Simmons,3285436721,,,
FR09908311104,Commerce Pharma TV,Dufour Baan 38,1092,Belmont-sur-Lausanne,Belgium,info@la-furniture.ch,,CHF,mvwbttxfjt,BE9176602086,SPIMAT21XXX,,,,BE,Suppliers,Matthew Ross,3234876592,,,
ATU19208702,Retail Biotech Events,Postfach Uetlibeg Laan 65,8156,oberhasli,Belgium,info@la-furniture.ch,,CHF,qbojnvqg,BE0962768191,RAIFCH22E75,,,,BE,Suppliers,Grace Lee,3249567823,,,
BE0252828917,Wholesale Mobility Experiences,Mühleha Dreef 36,AT-6175,Kematen in Tirol,Belgium,info@la-furniture.ch,,EUR,BE-322.598.637,BE6927160798,BTVAAT22,,,,BE,Suppliers,Oliver Powell,3254981760,,,
778324041,eCommerce Travel Concierge,Herb Onderneming,8005,Zürich,Belgium,info@la-furniture.ch,,CHF,BEL-891.544.498,BE9176602086,KBBECH22XXX,,,,BE,Suppliers,Amelia Carter,3281239456,,,
BE0672863760,Online Tourism Lifestyle,Av de la Gare 46b,8700,Küsnacht,Belgium,info@la-furniture.ch,,CHF,CHE-189.558.854,BE0962768917,KBBECH22XXX,,,,BE,Suppliers,Jack Morgan,3265819043,,,
BE0244142665,Digital Hospitality Enterprises,Russe Weg 15,8005,Zürich,Belgium,info@la-furniture.ch,,CHF,BE-363.673.626 MWST,BE6927160798,KBAGCH22,,,,BE,Suppliers,Ella Campbell,3280765439,,,
BE 0842156474,Cloud Leisure Wellness,Rosemberg Straat 36,8037,Zürich,Belgium,kontakt@cloud.fm,,CHF,BEL-942.814.209,BE9176602086,ZKBKCHZZ80A,,,,BE,Suppliers,William Evans,3219476058,,,
BE0479561665,Tech Entertainment Logistics,Marktplein Straat 62,8702,Zollikon,Belgium,kontakt@cloud.fm,,CHF,cwryx,BE0962768191,CRESCHZZ80A,,,,BE,Suppliers,Scarlett Parker,3243872561,,,
BE0568578169,Enviro Media Depot,Hertogenboulevard 11,8031,Zürich,Belgium,kontakt@cloud.fm,,CHF,BE-546.314.842,BE6927160798,CRESCHZZ80A,,,,BE,Suppliers,Michael Nelson,3256028397,,,
BE 0860109392,Green Communications Fulfillment,Noordgemeenteblvd 79,8045,Zürich,Belgium,kontakt@cloud.fm,,CHF,BE-103.839.498,BE9176602086,ZKBKCHZZ80A,,,,BE,Suppliers,Victoria Adams,3278461932,,,
BE0410958218,Eco Advertising Procurement,Bos Laanweg 31,8953,Dietikon,Belgium,kontakt@cloud.fm,,CHF,BE-240.611.195 MWST,BE0962768917,UBSWCHZH80A,,,,BE,Suppliers,Henry Gray,3227053849,,,
BE0642737738,Bio Marketing Sourcing,Molenbeek Tuinlaan 4,8008,Zürich,Belgium,kontakt@cloud.fm,,CHF,BEL-833.189.305,BE6927160798,UBSWCHZH80A,,,,BE,Suppliers,Stella Allen,3286457310,,,
BE0860109392,Organic Branding Trading,Zand Straat 27,1920,Martigny,Belgium,kontakt@cloud.fm,,CHF,GzZbKF,BE9176602086,UBSWCHZH80A,,,,BE,Suppliers,Samuel Roberts,3267902548,,,
BE0728655685,Natural Consulting Commerce,Bergkerkstraat 86,8008,Zürich,Belgium,kontakt@cloud.fm,,CHF,BE-867.473.150,BE0962768191,UBSWCHZH80A,,,,BE,Suppliers,Lucy Carter,3234596782,,,
BE0672871084,Wellness Advisory Retail,Keizersdreef 8,CH-9000,St.Gallen,Belgium,kontakt@cloud.fm,,CHF,BE-670.424.687 MWST,BE6927160798,CRESCHZZ80A,,,,BE,Suppliers,Christopher Hughes,3251946783,,,
BE0746581186,Health Management Wholesale,Gravinnesteeg 43,8045,Zurich,Belgium,kontakt@cloud.fm,,CHF,BE-683.833.485,BE9176602086,CRESCHZZ80A,,,,BE,Suppliers,Nora Phillips,3285094732,,,
BE0888020351,Nutrition Finance eCommerce,Burgemee Straat 57,4535,Hubersdorf,Belgium,kontakt@cloud.fm,,CHF,BE-371.929.173,BE0962768917,CRESCHZZ80A,,,,BE,Suppliers,Isaac Brooks,3216839574,,,
BE0447827522,Food Banking Online,Provincie Laan 91,7260,Davos Dorf,Belgium,kontakt@cloud.fm,,CHF,BE-463.478.559,BE6927160798,CRESCHZZ80A,,,,BE,Suppliers,Audrey Barnes,3240759183,,,
BE0544411214,Beverage Insurance Digital,Bosringlaan 15,4133,Pratteln,Belgium,kontakt@cloud.fm,,CHF,BE-733.503.129 MWST,BE9176602086,CRESCHZZ80A,,,,BE,Suppliers,Elijah Hall,3275914638,,,
BE0867686775,Cuisine Legal Cloud,Meermarspad 7,8800,Roeselare,Belgium,kontakt@cloud.fm,,EUR,yvnobzvcc,BE0962768191,INGBBRUBEBB,,,,BE,Suppliers,Eva Flores,3282047569,,,
BE0737903349,Kitchen Accounting Tech,Beekplein 69,9000,St. Gallen,Belgium,kontakt@cloud.fm,,CHF,BE-661.363.777 MWST,BE6927160798,INGBBRUBEBB,,,,BE,Suppliers,Anthony Scott,3256478910,,,
BE0722977623,Garden Taxation Enviro,Duinwater Baan 83,3902,Brig-Glis,Belgium,kontakt@cloud.fm,,CHF,lucjiywn,BE9176602086,INGBBRUBEBB,,,,BE,Suppliers,Ivy King,3227381906,,,
FR09908311105,Home Education Green,Kerk Heuvel 34,CH-8802,Kilchberg ZH,Belgium,kontakt@cloud.fm,,CHF,BEL-550.620.359,BE0962768917,INGBBRUBEBB,,,,BE,Suppliers,Nathan Bell,3284657912,,,
ATU19208703,Lifestyle Training Eco,Berg Weg 22,4056,Basel,Belgium,kontakt@cloud.fm,,CHF,NgpMv,BE6927160798,POFICHBEX,,,,BE,Suppliers,Ruby Murphy,3219476053,,,
BE0252828918,Design Development Bio,Val Dreefje 91,CH-300,Bern 65,Belgium,kontakt@cloud.fm,,CHF,BEL-708.127.315,BE9176602086,POFICHBEX,,,,BE,Suppliers,Lucas Morris,3248039471,,,
778324042,Decor Research Organic,Laan Dreef 17,CH-8031,Zürich,Belgium,kontakt@cloud.fm,,CHF,BE-154.900.464 MWST,BE0962768191,ZKBKCHZZ,,,,BE,Suppliers,Anna Ward,3274562183,,,
BE0672863761,Fashion Innovation Natural,Bosweg 25,8001,Zürich,Belgium,kontakt@cloud.fm,,CHF,ILGcbYNqwbiLJ,BE6927160798,ZKBKCHZZ08A,,,,BE,Suppliers,Ryan Clark,3269805431,,,
BE0244142666,Beauty Technology Wellness,Molendreef 8,3003,Bern,Belgium,kontakt@cloud.fm,,CHF,BE-323.969.997,BE9176602086,ZKBKCHZZ08A,,,,BE,Suppliers,Sofia Foster,3283705914,,,
BE 0842156475,Apparel Software Health,Hout Baan 63,8005,Zürich,Belgium,kontakt@cloud.fm,,CHF,fhsocedrw,BE0962768917,KBBECH22XXX,,,,BE,Suppliers,Thomas Green,3226098473,,,
BE0479561666,Accessories Hardware Nutrition,Akker Steegje 41,CH-6440,Brunnen,Belgium,kontakt@cloud.fm,,CHF,BE-280.175.752 MWST,BE6927160798,KBBECH22XXX,,,,BE,Suppliers,Amelia Harris,3249537820,,,
BE0568578170,Jewelry Electronics Food,Haven Laan 5,8010,zurich,Belgium,kontakt@cloud.fm,,CHF,BE-475.931.718 MWST,BE9176602086,KBBECH22XXX,,,,BE,Suppliers,Daniel Young,3257164892,,,
BE 0860109393,Watches Optics Beverage,Park Straat 90,4142,Münchenstein,Belgium,kontakt@cloud.fm,,CHF,BE-133.701.528 MWST,BE0962768191,UBSWCHZH80A,,,,BE,Suppliers,Caroline Cook,3273409581,,,
BE0410958219,Footwear Robotics Cuisine,Tuin Baan 38,CH-8005,Zürich,Belgium,kontakt@cloud.fm,,CHF,CHE-335.160.602,BE6927160798,CRESCHZZ80A,,,,BE,Suppliers,Andrew Bennett,3286473902,,,
BE0642737739,Leather Aerospace Kitchen,Kerkhofweg 72,6318037,Zurich,Belgium,kontakt@cloud.fm,,CHF,pacmezqh,BE9176602086,ZKBKCHZZ80A,,,,BE,Suppliers,Natalie Parker,3216054789,,,
BE0860109393,Textile Biotech Garden,Kerk Plaatsje 59,6318037,Zurich,Belgium,kontakt@cloud.fm,,CHF,BE-623.335.186,BE0962768917,RAIFCH22706,,,,BE,Suppliers,Isaac Rivera,3240925876,,,
BE0728655686,Furniture Pharmaceutical Home,Dom Squ 17,20354,Hamburg,Belgium,kontakt@cloud.fm,,EUR,CHE-474.326.808,BE6927160798,HYVEDEMM300,,,,BE,Suppliers,Lily White,3275489103,,,
BE0672871085,Interiors Medical Lifestyle,Kasteel Pleintje 24,CH-4052,Basel,Belgium,kontakt@cloud.fm,,CHF,BE-401.644.266,BE9176602086,CRESCHZZ80A,,,,BE,Suppliers,David Gray,3257836419,,,
BE0746581187,Construction Wellness Design,Markt Weg 68,10415,Põhja-Tallinna linnaosa Tallin,Belgium,kontakt@cloud.fm,,EUR,BE-293.219.336 MWST,BE0962768191,LHVBEE22,,,,BE,Suppliers,Anna Bryant,3282149705,,,
BE0888020352,Engineering Healthcare Decor,Klooster Straat 36,8031,Zurich,Belgium,kontakt@cloud.fm,,CHF,BEL-551.641.321,BE6927160798,LHVBEE22,,,,BE,Suppliers,Jack Thompson,3264918703,,,
BE0447827523,Architectural Sports Fashion,Brouwerij Steeg 51,D-10119,Berlin,Belgium,info@sport-labs.de,,CHF,lthjbuu,BE9176602086,SOLADEST600,,,,BE,Suppliers,Grace Ward,3235784612,,,
BE0544411215,Energy Fitness Beauty,Meubel Boulevard 3,AT-6344,Walchsee,Belgium,info@sport-labs.de,,EUR,KmPEVZPSHi,BE0962768917,SPKUAT22XXX,,,,BE,Suppliers,Sebastian Hill,3257603982,,,
BE0867686776,Utilities Outdoor Apparel,Meubel Plein 28,14480,Potsdam,Belgium,info@sport-labs.de,,EUR,BE-382.829.868 MWST,BE6927160798,COBADEFFXX,,,,BE,Suppliers,Charlotte Campbell,3281934567,,,
BE0737903350,Infrastructure Recreation Accessories,Handels Laan 8,8902,Urdorf,Belgium,info@sport-labs.de,,CHF,vgwuzswus,BE9176602086,ZKBKCHZZ80A,,,,BE,Suppliers,Michael Bennett,3228056943,,,
BE0722977624,Transportation Arts Jewelry,Ambacht Dreef 14,Zürich,8001,Belgium,info@sport-labs.de,,CHF,CHE-581.129.429,BE0962768191,BOFACH2X,,,,BE,Suppliers,Victoria Flores,3270965284,,,
BE0447827533,Logistics Culture Watches,Nijverheids Baan 32,8004,Zurich,Belgium,info@sport-labs.de,,CHF,rkwivwc,BE6927160798,RAIFCH22E87,,,,BE,Suppliers,Leo Lewis,3286702491,,,
BE0447827533,Mobility Creative Footwear,Technologie Pad 76,8952,Schlieren,Belgium,info@sport-labs.de,,CHF,CHE-990.962.881,BE9176602086,UBSWCHZH80A,,,,BE,Suppliers,Maya Phillips,3241950678,,,
BE0447827524,Travel Publishing Leather,Innovatie Boulevard 19,8050,Zurich,Belgium,info@sport-labs.de,,CHF,tkzveqb,BE0962768917,CRESCHZZ80A,,,,BE,Suppliers,Jake Wright,3267845093,,,
Tourism Music Textile,Tourism Music Textile,Kennis Ring 74,8005,Zürich,Belgium,contact@music.ch,,CHF,BE-232.343.692,BE6927160798,UBSWCHZH80A,,,,BE,Suppliers,Olivia Peterson,3251936847,,,
CHE443545563,Hospitality Film Furniture,Onderzoek Steeg 45,8700,Küsnacht,Belgium,contact@music.ch,,CHF,BE-161.372.101 MWST,BE9176602086,CRESCHZZ80A,,,,BE,Suppliers,Samuel Butler,3286071425,,,
CHE-105934790,Leisure TV Interiors,Laboratorium Straat 58,6371,Stans,Belgium,contact@music.ch,,CHF,BE-435.573.427 MWST,BE0962768191,NIKACH22,,,,BE,Suppliers,Hannah Wood,3248710569,,,
KANTON ZURICH,Entertainment Events Construction,Proeftuin Weg 92,8047,Zürich,Belgium,contact@music.ch,,CHF,BE-400.158.414 MWST,BE6927160798,CRESCHZZ80A,,,,BE,Suppliers,Joseph Stewart,3219584062,,,
Media Experiences Engineering,Media Experiences Engineering,Research Pad 26,CH-3001,Postfach,Belgium,contact@music.ch,,CHF,pnWuMNGebhTbKT,BE9176602086,CRESCHZZ80A,,,,BE,Suppliers,Chloe Adams,3274623091,,,
BE0447327523,Communications Concierge Architectural,Ontw Weg 11,8090,Zürich,Belgium,contact@music.ch,,CHF,BEL-561.629.305,BE0962768917,ZKBKCHZZ80A,,,,BE,Suppliers,Owen Scott,3228053764,,,
CHE337962396,Advertising Lifestyle Energy,Incubator Boulevard 33,CH-1020,Renens 1,Belgium,contact@music.ch,,CHF,CHE-361.214.720,BE6927160798,ZKBKCHZZ80A,,,,BE,Suppliers,Lucy Thompson,3245702891,,,
078 798 05 01,Marketing Enterprises Utilities,Univ Laan 47,8005,Zürich,Belgium,contact@music.ch,,CHF,BEL-662.490.983,BE9176602086,CRESCHZZ80A,,,,BE,Suppliers,Noah Young,3279134582,,,
BE0447827522,Branding Wellness Infrastructure,Hogesch Boulevard 71,8087,Zurich,Belgium,contact@music.ch,,CHF,DjBVFFWkVTyh,BE0962768191,CRESCHZZ80A,,,,BE,Suppliers,Mia King,3280691745,,,
134.880.417,Consulting Logistics Transportation,Academie Pad 99,1804,Corsier-sur-Vevey,Belgium,contact@music.ch,,CHF,FwsxFSANVDlPJ,BE6927160798,POFICHBEXXX,,,,BE,Suppliers,Matthew Carter,3256879430,,,
-324676158,Advisory Depot Logistics,Leraren Opl 85,CH8401,Wintherthur,Belgium,contact@music.ch,,CHF,bmysd,BE9176602086,ZKBKCHZZ80A,,,,BE,Suppliers,Lily Hall,3268059341,,,
101654423,Management Fulfillment Mobility,Student Weg 73,8001,Zürich,Belgium,contact@music.ch,,CHF,CHE-295.255.972,BE0962768917,RAIFCH22XXX,,,,BE,Suppliers,Daniel Evans,3236019478,,,
BE0447837523,Strategy Procurement Travel,Onderwijs Laan 61,8400,Winterthur,Belgium,contact@music.ch,,CHF,BE-947.389.897,BE6927160798,RAIFCH22XXX,,,,BE,Suppliers,Lucy Ward,3249056782,,,
BE0447827533,Finance Sourcing Tourism,Ontdekking Pad 28,3050,Bern,Belgium,contact@music.ch,,CHF,BE-368.844.525 MWST,BE9176602086,RAIFCH22XXX,,,,BE,Suppliers,Sebastian Davis,3258032764,,,
BE-108.954.978,Banking Trading Hospitality,Vernieuwing Perf 66,8005,Zürich,Belgium,accounting@baning.ch,,CHF,BEL-690.744.616,BE0962768191,RAIFCH22XXX,,,,BE,Suppliers,Natalie Evans,3274095821,,,
BE-396842705,Insurance Commerce Leisure,Creatie Vallei 4,8021,Zürich,Belgium,info@homeinsugate.ch,,CHF,BEL-123.578.326,BE6927160798,RAIFCH22XXX,,,,BE,Suppliers,Benjamin Clark,3287564390,,,
BE0447827523,Legal Retail Entertainment,Kunstenaars Pleintje 82,8050,Zurich,Belgium,info@homeinsugate.ch,,CHF,BE-806.625.857,BE9176602086,RAIFCH22XXX,,,,BE,Suppliers,Ruby Butler,3219730546,,,
BE0447827523,Accounting Wholesale Media,Cultuur Park 37,8032,Zürich,Switzerland,info@homeinsugate.ch,,CHF,BE-194.154.634 MWST,BE0962768917,RAIFCH22XXX,,,,BE,Suppliers,Jack Mitchell,3264805179,,,
CZ31575487,Alconost Inc. - Localisation and translation services for digital platforms.,"700 N. Fairfax, Suite 614",VA 22314,Alexandria,UnitedStates,,UnitedStates,USD,Alconost Inc.,,CHASUS33,767660795.0,21000021.0,Apex Community Bank,CZK,Suppliers,,,,,Alconost Inc.
CZ63990083,Akcent s.r.o. - Czech translation and language support services.,Štěpánská 616/20A,11000,Praha 1,CzechRepublic,,CzechRepublic,CZK,CZ63990083,CZ5308000000005846329339,FIOBPP,767660795.0,21000021.0,Bayside Credit Union,CZK,Suppliers,,,,,Akcent s.r.o.
CZ24206971,"RUBIKON Public Relations, s.r.o. - PR and corporate communication services.","Václavské náměstí 806/62, PRAHA 1 - NOVÉ MĚSTO",110,00  PRAHA 1,CzechRepublic,,CzechRepublic,CZK,CZ24206971,CZ5308000000005846329339,FIOBPP,5500666333696.0,21000021.0,Blue Ridge Bank,CZK,Suppliers,,,,,"RUBIKON Public Relations, s.r.o."
CZ562940627,Mother Tongue Limited - Creative transcreation and multilingual copywriting.,"Bankside 3, 90 Southwark Street",SE1 0SW,London,UnitedKingdom,,UnitedKingdom,GBP,GB562940627,GB38MIDL40019523353524,FIOBPP,5500666333696.0,21000021.0,Summit Financial Trust,CZK,Suppliers,,,,,Mother Tongue Limited
CZ687217956,"Antenna Group, Inc. - PR and media relations for brand visibility.",Perlová 371/5,11000,Prague,CzechRepublic,,CzechRepublic,CZK,CZ687217956,GB53TRWI23147073595378,TRWIGB2LXXX,5500666333696.0,21000021.0,Prime Federal Bank,CZK,Suppliers,,,,,"Antenna Group, Inc."
CZ699006106,IWG Management (Czech Republic) s.r.o. - Flexible workspace solutions provider.,Na Strži 1702/65,11000,Prague,CzechRepublic,,CzechRepublic,CZK,CZ699006106,CZ7035000000001000546518,INGBCZPP,5500666333696.0,21000021.0,Colonial Reserve Bank,CZK,Suppliers,,,,,"IWG Management (Czech Republic) s.r.o.,"
CZ61246115,"Rödl & Partner Tax, k.s. - Specialized tax advisory services.","Platnéřská 2, PRAHA 1 - STARÉ MĚSTO",11000,Praha,CzechRepublic,,CzechRepublic,CZK,CZ61246115,CZ5327000000002111094328,BACXCZPP,5500666333696.0,21000021.0,Peak Community Bank,CZK,Suppliers,,,,,"Rödl & Partner Tax, k.s. -  CZ61246115"
CZ64572072,"Rödl & Partner, k.s. - Consulting and legal advisory firm.","Platnéřská 2, PRAHA 1 - STARÉ MĚSTO",11000,Praha,CzechRepublic,,CzechRepublic,CZK,CZ64572072,DE66760200700017111906,HYVEDEMM460,5500666333696.0,21000021.0,Sunset Reserve Bank,CZK,Suppliers,,,,,"Rödl & Partner, k.s. - CZ64572072"
CZ07461364,Surikata PR s.r.o - Media relations and event management.,Nádražní 48/92,15000,Praha 5,CzechRepublic,,CzechRepublic,CZK,CZ07461364,CZ9855000000001027147648,RZBCCZPP,5500666333696.0,21000021.0,Epic Financial Group,CZK,Suppliers,,,,,Surikata PR s.r.o
CZ17874114,Alma bio s.r.o. - Distributor of organic and eco-friendly foods.,V jirchářích 150/8,11000,Prague,CzechRepublic,,CzechRepublic,CZK,CZ17874114,CZ6101000001239496540297,KOMBCZPP,5500666333696.0,21000021.0,Apex Community Bank,CZK,Suppliers,,,,,Alma bio s.r.o.
CZ26092183,DUSTIN A/S - Reseller of IT hardware and software solutions.,Åhave Parkvej 27,8260,Viby J,Denmark,,Denmark,DKK,DK26092183,DK4220005905827563,NDEADKKK,5500666333696.0,21000021.0,Bayside Credit Union,CZK,Suppliers,,,,,DUSTIN A/S
CZ0642737737,Workshop Finance Advisory,Adligenswiler Weg 22,9050,Appenzell,Belgium,,Belgium,EUR,BEL-510.178.292,BE0962967718,NDEADKKK,5500666333696.0,21000021.0,Blue Ridge Bank,CZK,Suppliers,,,,,Mia Brooks
CZ0860109391,Collective Taxation Wellness,Schöntalparkstraat 5 postfach,CH-4626,Niederbuchsiten,Belgium,,Belgium,CHF,mveufuc,BE6927108679,RAIFCH22XXX,5500666333696.0,21000021.0,Summit Financial Trust,CZK,Suppliers,,,,,Benjamin Hill
CZ0728655684,Emporium Education Fitness,Av de Platzlaan 5,8001,Zurich,Belgium,,Belgium,CHF,snxkl,BE9176602868,RAIFCH22XXX,5500666333696.0,21000021.0,Prime Federal Bank,CZK,Suppliers,,,,,Charlotte Rivera
CZ0672871083,Marketplace Research Outdoor,Lerzen Straat 18,CH-4132,Basel,Belgium,,Belgium,CHF,BE-825.244.958 MWST,BE0962768917,BLKBCH22,5500666333696.0,21000021.0,Colonial Reserve Bank,CZK,Suppliers,,,,,Lucas Cooper
CZ0746581185,Depot Development Recreation,Route d'Arnier 4,1219,Genève,Belgium,,Belgium,CHF,BEL-266.494.709,BE6927160879,BLKBCH22,5500666333696.0,21000021.0,Peak Community Bank,CZK,Suppliers,,,,,Lily Morris
CZ0888020350,Warehouse Innovation Arts,Berk Straat 84,8603,Schwarzenbach,Belgium,,Belgium,CHF,CHE-976.341.931,BE9176602086,BLKBCH22,5500666333696.0,21000021.0,Sunset Reserve Bank,CZK,Suppliers,,,,,Jackson Perez
CZ0447827521,Logistics Technology Culture,Dorp Laan 12a,6002,Luzern,Belgium,,Belgium,CHF,LSoBTIHBenlflf,BE0962768191,BLKBCH22,5500666333696.0,21000021.0,Epic Financial Group,CZK,Suppliers,,,,,Chloe Jenkins
CZ0544411213,Fulfillment Software Creative,Sihl Kade 253,8022,Zürich,Belgium,,Belgium,CHF,cdewpuzmp,BE6927160798,POFICHBEXXX,5500666333696.0,21000021.0,True North Bank,CZK,Suppliers,,,,,Alexander Reed
CZ0867686774,Procurement Hardware Publishing,Bahnhof Steenweg 10,1014,Lausanne,Belgium,,Belgium,CHF,FoCAhtBNwN,BE9176602086,POFICHBEXXX,5500666333696.0,21000021.0,Coastal National Bank,CZK,Suppliers,,,,,Zoe James
CZ0000000001,A smart financial platform,Star Street 1,1,Copenhagen,Denmark,help@light.inc,Denmark,DKK,1111111,US01111111111,US248173,5500666333696.0,21000021.0,Main Bank,USD,Suppliers,,,,,Light
627481305,PlxZyqA15 A/S,Nellemoseveien 15,5683,Oslo,Denmark,,Denmark,DKK,NO238479520,NO7645392186463,SYBSEK45,16047935423,,First National Bank,NO,Suppliers,,,Within 7 Days,7281493,
384926731,ThraBexor Ltd,Seljeveien 3,575,Bergen,Norway,,Norway,NOK,SE348792561,NO7645392186463,SYBSEK45,46203122859,,Central Trust Bank,NO,Suppliers,,,Within 14 Days,40261738,
521843092,VotrellisCorp,Karoline Kristiansens vei 5,661,Oslo,Norway,,Norway,NOK,NO493857160,NO9582764827301,2097314653,81250697381,,Bank of the East,NO,Suppliers,,,Within 30 Days,58310927,
764218395,GlebrixLabs AS,Hans Michelsens veg 8,7080,Drammen,Norway,,Norway,NOK,NO502938714,NO9582764827301,NDKEPNXQ,81210153866,,Northern Savings Bank,NO,Suppliers,,,Within 60 Days,29471638,
918372465,Serpionus Tech,Pottemakerveien 12,954,Oslo,Norway,,Norway,NOK,847203611,NO3014267057812,NDKEPNXQ,32173629501,,Capital City Bank,NO,Suppliers,,,Within 7 Days,51732908,
103847265,Mavokke Ltd,Torvgaten 11,4836,Oslo,Norway,,Norway,NOK,NO 956 374 839,NO3014267057812,DNBCATOBXX,70480322527,,Citizens Credit Union,NO,Suppliers,,,Within 14 Days,62834071,
528374961,Tredelix Group,Drammensveien 152,277,Moss,Norway,,Norway,NOK,NO285913470,NO5268039476173,DNBCATOBXX,60980437455,,Global Finance Bank,NO,Suppliers,,,Within 30 Days,39084756,
528374961,Tredelix Group,Drammensveien 152,277,Moss,Norway,,Norway,NOK,NO285913470,NO5268039476173,DNBCATOBXX,60980437455,,Trustwell Bank,NO,Suppliers,,,Within 30 Days,17382905,
491026583,Wynatech AS,Karvesvingen 7,579,Kristiansand S,Norway,,Norway,NOK,563092847,NO5268039476173,SPTRNO32,16037240579,,Sunrise Federal Bank,NO,Suppliers,,,Within 60 Days,61493827,
826394751,Ravernix Solutions,Torggata 5,181,Oslo,Norway,,Norway,NOK,NO192374650,2345 10 85947,SPTRNO32,16034789254,,Summit Financial,NO,Suppliers,,,Within 7 Days,29104837,
294738516,Exoplus Enterprises,Trondheimsveien 9,560,Lysaker,Norway,,Norway,NOK,235 849 160 MVA,2345 10 85947,DNBPAOXX,16034789254,,Mountain View Bank,NO,Suppliers,,,Within 14 Days,73826504,
763192584,Klyptos Global,Grensen 11 B,159,Stockholm,Norway,,Norway,NOK,639283174,NO6194328056730,DNBPAOXX,65024329580,,Pacific Horizon Bank,NO,Suppliers,,,Within 30 Days,48271639,
927461308,Drogzonix AS,Bangvegen 470,7514,Oslo,Norway,,Norway,NOK,NO581734602,NO6194328056730,DNBREIKL,50947630951,,United Community Bank,NO,Suppliers,,,Within 60 Days,53029176,
348562719,Zorveta Services,Henrik Ibsens gate 62,255,Oslo,Norway,,Norway,NOK,NO703258914,NO1852396478903,DNBREIKL,50947630951,,Regional Trust Bank,NO,Suppliers,,,Within 7 Days,94716320,
675139248,Venkorix Holdings,Øvre Slottsgate 5,157,Oslo,Norway,,Norway,NOK,NO 314827905,NO1852396478903,DNBVNKPXX,18241793057,,Infinity Financial Group,NO,Suppliers,,,Within 14 Days,28419375,
384917526,Leltrix Network,Risengbakken 12,3413,Oslo,Norway,,Norway,NOK,NO948570632,NO6475201389071,DNBVNKPXX,50940861412,,Coastal National Bank,NO,Suppliers,,,Within 30 Days,31029476,
109283745,Axylosys Inc,Dronning Eufemias gate 14,191,Arendal,Norway,,Norway,NOK,NO562893174,NO6475201389071,NDHRFLNF,97535638150,,Heritage Savings Bank,NO,Suppliers,,,Within 60 Days,57231894,
627394815,Bravrix Global,Selma Ellefsens vei 10,581,Heimdal,Norway,,Norway,NOK,716528490,NO4957612309786,NDHRFLNF,39207654182,,Liberty Financial,NO,Suppliers,,,Within 7 Days,68490213,
841930762,VeldanaTech AS,Postvegen 14,6018,Oslo,Norway,,Norway,NOK,NO 129457620,NO4957612309786,DNBIRRXL,39207654182,,Union Reserve Bank,NO,Suppliers,,,Within 14 Days,47281590,
726481305,Tharionix Solutions,Bygg A3,473,Tiller,Columbia,,Norway,NOK,NO627389251,NO2187956041827,DNBIRRXL,16067027682,,Riverside Trust Bank,NO,Suppliers,,,Within 30 Days,93620147,
193847265,Zentrovia Enterprises,C/O Greenhouse Stavanger,191,Oslo,Norway,,Norway,NOK,530168479,NO2187956041827,HANDHNXX,11203956781,,Prime Bank Group,NO,Suppliers,,,Within 60 Days,81420753,
561094273,Dravexor Ltd,Brekkerødveien 45,1782,Oslo,Norway,,Norway,NOK,894276103,NO8460539276473,SPQENR72,26347302551,,American Integrity Bank,NO,Suppliers,,,Within 7 Days,51693482,
829374156,Myrtavex Industries,Schæffers gate 8A,558,Oslo,Norway,,Norway,NOK,671205948,NO8460539276473,SPQENR72,60128653175,,Valley Bank & Trust,NO,Suppliers,,,Within 14 Days,73820915,
306948512,Belterian AS,Langkaia 3,150,Grålum,Norway,,Norway,NOK,NO 527 804 612,NO3195601874126,ESSPKOLX,16074310259,,Golden State Bank,NO,Suppliers,,,Within 30 Days,41827305,
785263409,Nyvotek Labs,Parkgata 6,6003,Oslo,Norway,,Norway,NOK,376815924,NO3195601874126,DNBJUSNL,16074310259,,Metro Community Bank,NO,Manufacturing,,,Within 60 Days,57013428,
409182736,Orlantex Ltd,Strandgata 22,152,Sandefjord,Norway,,Norway,NOK,951638027,NO1849263053749,DNBOTXLD,16062380172,,Guardian Credit Union,NO,Suppliers,,,Within 7 Days,23694817,
953274610,Tivonex Global,Torggata 29,183,Oslo,Norway,,Norway,NOK,NO582749305,NO1849263053749,DNBOTXLD,16062380172,,Alliance National Bank,NO,Suppliers,,,Within 14 Days,47382901,
268435109,XylarisTech AS,Olaf Schous vei 4,572,Billingstad,Norway,,Norway,NOK,613 957 028,NO4975037168720,DABTFO23,5327039517,,Victory Bank Corporation,NO,Suppliers,,,Within 30 Days,62940385,
417928536,Zypraxen Ltd,v/Morten Fastvold 2,565,Oslo,Norway,,Norway,NOK,NO247396185,NO4975037168720,DABTPO21,16067345201,,Grand Savings Bank,NO,Suppliers,,,Within 60 Days,19374826,
620349871,Kelvotex AS,Kokstadflaten 25,5257,Svelvik,Norway,,Norway,NOK,NO 128374509,NO3051769485287,DABTFO34,1607.92.78101,,Equity Trust Bank,NO,Suppliers,,,Within 7 Days,50293817,
793405182,Woxteris Enterprises,6. etasje,7031,Oslo,Norway,,Norway,NOK,NO 763204850,NO3051769485287,DNBCPPTXX,16038829416,,Prosperity Financial Bank,NO,Suppliers,,,Within 14 Days,84170623,
258471396,Ivytronix Inc,Hovinveien 50,576,Fyllingsdalen,Norway,,Norway,NOK,259834171,NO9278361094215,NDEENQG,61350238790,,Inland Empire Bank,NO,Suppliers,,,Within 30 Days,71938405,
864910723,Lunexor Solutions,Tykkemyr 2,1597,Oslo,Norway,,Norway,NOK,495731628,NO9278361094215,DABHIF99,61350238790,,Noble Reserve Bank,NO,Suppliers,,,Within 60 Days,38291746,
394782615,Verilora Networks,Kongens gate 8,153,Oslo,Norway,,Norway,NOK,NO370812649,NO7586420391943,DABHIF99,81117264059,,Horizon Mutual Bank,NO,Suppliers,,,Within 7 Days,60518392,
751938402,Wenatoris Ltd,Fridtjof Nansens plass 6,160,Halden,Norway,,Norway,NOK,NO618932750,NO7586420391943,DNBAKNN,16034893071,,Legacy National Bank,NO,Suppliers,,,Within 14 Days,47201853,
260948731,Yalonix Inc,Øvre gate 9,551,Oslo,Norway,,Norway,NOK,NO174506829,NO8520736142671,DNBAKNN,16037846250,,Pathway Savings Bank,NO,Suppliers,,,Within 30 Days,51623847,
498273615,Opteronix Solutions,Kalnesveien 8,1712,Oslo,Norway,,Norway,NOK,904721563,NO8520736142671,SPQHNO21,16037846250,,Progressive Trust Bank,NO,Suppliers,,,Within 60 Days,91840573,
623491807,Zyphorix AS,Kongens gate 9,1712,Oslo,Norway,,Norway,NOK,NO153826417,NO6728391850243,SHDSNKL23,16034052712,,Harmony Financial Group,NO,Suppliers,,,Within 7 Days,36217408,
817306492,Qaltronix Ltd,Københavngata 5,153,Stjørdal,Norway,,Norway,NOK,NO920573628,NO6728391850243,SHDSNKL23,16034052712,,Apex Community Bank,NO,Suppliers,,,Within 14 Days,20398457,
529104837,Inixentra Group,Henrik Ibsens gate 95,553,Oslo,Norway,,Norway,NOK,SE184395620,NO1038592406715,DABHEP34,60960208379,,Southern Trust Bank,NO,Suppliers,,,Within 30 Days,57248109,
387264915,Pelvexis Solutions,Bygg C,255,Oslo,Norway,,Norway,NOK,NO631084792,NO1038592406715,DABHEP34,21345828,,Evergreen Federal Bank,NO,Suppliers,,,Within 60 Days,38592716,
105928743,Drilonex Ltd,Stortorvet 15,473,Oslo,Norway,,Norway,NOK,NO274659831,NO5027183968504,DNBCXOPXX,21345828,,Atlas Credit Union,NO,Suppliers,,,Within 7 Days,10482736,
609472815,Tivorix Global,Langes gate 6,155,Ålesund,Norway,,Norway,NOK,NO154928305,NO5027183968504,NDEKKNR,16073194255,,Blue Ridge Bank,NO,Suppliers,,,Within 14 Days,79612054,
826374105,Evorianis AS,Vestre Rosten 110,5007,Oslo,Norway,,Norway,NOK,NO726493501,NO4175061927308,NDEKQKL,65603527981,,Unity Bank Group,NO,Suppliers,,,Within 30 Days,36201784,
318294756,Zantrolix Ltd,Kobbervikdalen 120,7075,Oslo,Norway,,Norway,NOK,NO853712460,NO4175061927308,NDEKQKL,25360381628,,Prime Federal Bank,NO,Suppliers,,,Within 60 Days,27150368,
964203518,Galtronix AS,Tungavegen 41,3036,Oslo,Norway,,Norway,NOK,NO730268592,NO2096845273816,DABKNOD,42201687535,,Highland Savings Bank,NO,Suppliers,,,Within 7 Days,92847510,
729384610,Kyronix Global,Karenslyst Alle 11 B,7047,Kokstad,Norway,,Norway,NOK,NO290384167,NO2096845273816,NDEEKLS,71324586141,,Central Alliance Bank,NO,Suppliers,,,Within 14 Days,45182379,
415736920,Halnixor Solutions,Toftes gate 8,278,Oslo,Norway,,Norway,NOK,NO492158703,NO3528194756037,NDEEKLS,18804327314,,First Guardian Bank,NO,Suppliers,,,Within 30 Days,60394812,
273846159,Xentrovia Labs,Storgata 6,556,Oslo,Norway,,Norway,NOK,NO367285091,NO3528194756037,NDEEKLS,18804327314,,Midwest Reserve Bank,NO,Suppliers,,,Within 60 Days,83947162,
610293847,Virenixteq AS,Postboks 750 Sentrum,155,Lier,Norway,,Norway,NOK,NO923576108,NO7582639105482,DNBANOKK,16041078692,,Eastern Community Bank,NO,Suppliers,,,Within 7 Days,51873240,
859104723,Nexdrion Group,Henrik Ibsens gate 30,106,Oslo,Norway,,Norway,NOK,NO638029147,NO7582639105482,DNBANOKK,16041078692,,Prestige National Bank,NO,Suppliers,,,Within 7 Days,27583149,
472681305,Kyluson Ltd,Hausmanns gate 25,255,Oslo,Norway,,Norway,NOK,NO739561208,NO4720831615724,HANDNOKKXXX,60942710433,,Pioneer Federal Bank,NO,Suppliers,,,Within 14 Days,49028375,
291847365,Fytrovius AS,Biskop Gunnerus' gate 16A,182,Oslo,Norway,,Norway,NOK,NO823485900,NO4720831615724,SPRONO22,86107460975,,Home Savings Bank,NO,Suppliers,,,Within 30 Days,61523978,
630482719,Dranexis Ventures,Billingstadsletta 15,185,Trondheim,Norway,,Norway,NOK,SE912738445,NO5186749201853,SPRONO22,86107460975,,True North Bank,NO,Suppliers,,,Within 60 Days,48201793,
815947263,Alyst,"Hollyhill Industrial Estate, Hollyhill 2",1396,Oslo,Norway,,Norway,NOK,NO183527846,NO5186749201853,SPRONO22,7059 14 03199,,Pinnacle Trust Bank,NO,Suppliers,,,Within 7 Days,73482016,
376204891,APPLE DISTRIBUTION INTERNATIONAL LIMITED,Gladengveien 4,1396,Oslo,Ireland,,Ireland,NOK,NO730595901,NO2097364536780,ESSENOKX,7059 14 03199,,Broadway Bank Group,NO,Suppliers,,,Within 14 Days,10938274,
493618205,REITAN CONVENIENCE NORWAY AS,Prinsessetunet 6,661,Oslo,Norway,,Norway,NOK,984316577,NO2097364536780,DNBANOKK,8111 61 83244,,Interstate Savings Bank,NO,Suppliers,,,Within 30 Days,83610542,
682719305,AD SALES AS,Frognerveien 12,2016,Eidsvågneset,Norway,,Norway,NOK,NO 852 674 387,NO6825407193728,DNBANOKKXXX,8111 61 83244,,Colonial Reserve Bank,NO,Suppliers,,,Within 60 Days,24917638,
305182647,ADVOKATENE LÅNG ANS,Thereses gate 50,257,Skjetten,Norway,,Norway,NOK,NO789421476,NO6825407193728,DNBANOKKXXX,81116183244,,Epic Financial Group,NO,Suppliers,,,Within 7 Days,50192836,
948276153,GRÜNERLØKKA FLYTTEBYRÅ AS,Karenslyst allé 60,168,Oslo,Norway,,Norway,NOK,458623017,NO8592637401572,DABANO22,50206637771,,Founders Community Bank,NO,Suppliers,,,Within 14 Days,38547019,
527384910,TRIPLETEX AS,Myrvangvegen 18,277,Oslo,Norway,,Norway,NOK,NO934512837,NO8592637401572,DABANO22,65124936422,,Pioneer Trust Bank,NO,Suppliers,,,Within 30 Days,72930165,
804192736,AJ PRODUKTER AS,Sørengkaia 165,2040,Oslo,Norway,,Norway,NOK,102 389 174 MVA,NO1948573206095,DABANO22,60960179051,,Fortress Credit Union,NO,Suppliers,,,Within 60 Days,64713028,
365928410,CJA AS,Karenslyst allé 60,194,Ålesund,Norway,,Norway,NOK,652418729,NO1948573206095,DNBANOKKXXX,60970367125,,Lakeside National Bank,NO,Suppliers,,,Within 7 Days,51843926,
972461305,VISMA AMILI AS,Karenslyst allé 60,277,Nøtterø,Norway,,Norway,NOK,NO812634905,NO7635218475102,NDEANOKK,60970367125,,Mariner Financial,NO,Suppliers,,,Within 14 Days,32019487,
618495073,VISMA MAMUT AS,Drammensveien 150B,277,Oslo,Norway,,Norway,NOK,NO781622645,NO7635218475102,DABANO22,60942754830,,Anchor Trust Bank,NO,Suppliers,,,Within 30 Days,41793582,
740193682,COPYCAT AS,Folke Bernadottes vei 52,277,Frogner,Norway,,Norway,NOK,NO 612 746 251,NO2356784102934,DABANO22,32117849263,,Independence Bank Group,NO,Suppliers,,,Within 60 Days,85912047,
295381476,TRYG FORSIKRING,Gunnestaveien 6C,5147,Oslo,Norway,,Norway,NOK,NO102384756,NO2356784102934,DABANO22,32117849263,,Titan Community Bank,NO,Suppliers,,,Within 7 Days,36281905,
839271405,PLANT2PLAST,Narviga 10,3140,Oslo,Norway,,Norway,NOK,NO682734019,NO9215836074608,DABANO22,62536104827,,Paramount Reserve Bank,NO,Suppliers,,,Within 14 Days,52048376,
517934628,MFO MARKEDSFØRINGSFORENINGEN,Peter Møllers vei 7A,4633,Oslo,Norway,,Norway,NOK,834827159,NO9215836074608,DABANO22,98136722594,,Genesis National Bank,NO,Suppliers,,,Within 30 Days,47190325,
264873510,LILLE PERSILLE AS,Drammensveien 270,585,Oslo,Norway,,Germay,NOK,NO 389728054,NO4928501625374,DNBANOKK,51142783914,,Skyline Trust Bank,NO,Suppliers,,,Within 60 Days,69810534,
693847205,IF SKADEFORSIKRING NORSK AVDELING AV UTENLANDSK FORETAK,Hagegata 3B,283,Oslo,Norway,,Norway,NOK,NO108374919,NO4928501625374,DNBANOKK,50920817586,,Centennial Financial,NO,Suppliers,,,Within 7 Days,20318457,
210495738,SULTEN AS,Danvikgata 42,577,Oslo,Norway,,Norway,NOK,546829302,NO7325894160287,DNBANOKK,50920817586,,Heritage Federal Bank,NO,Suppliers,,,Within 14 Days,71902836,
840163927,DRAMMENSBADET KF,Skippergata 36,3045,Oslo,Norway,,Norway,NOK,689492107,NO7325894160287,SPRONO22,16034487022,,Bayside Credit Union,NO,Suppliers,,,Within 30 Days,43619582,
576193204,RADIO METRO AS,Grubbegata 20,154,Oslo,Norway,,Norway,NOK,731058249,NO8437526904821,SHEDNO22,16034487022,,Sterling Bank Group,NO,Suppliers,,,Within 60 Days,58027391,
419283605,MEDIER OG LEDELSE AS,Furulien 22,179,Oslo,Norway,,Norway,NOK,NO 625 983 745,NO8437526904821,SHEDNO22,92418166092,,People's Savings Bank,NO,Suppliers,,,Within 7 Days,69341025,
287563091,HAVRE GRØNNE VERDIER,Støperiveien 30,5101,Haarby,Norway,,Norway,NOK,874642031,NO9286345216079,SHEDNO22,52203498755,,Sierra Mutual Bank,NO,Suppliers,,,Within 14 Days,21847395,
965041238,MYRDAHL OG SVEEN AS,Hvamsvingen 10,182,Oslo,Norway,,Norway,NOK,762948503,NO9286345216079,SHEDNO22,52203498755,,Tradition National Bank,NO,Suppliers,,,Within 30 Days,54801726,
103794628,ECIT VIKEN AS,Nedre gate 10C,2013,Oslo,Norway,,Norway,NOK,NO837598120,NO5017289456803,SHEDNO22,60481729341,,Freedom Trust Bank,NO,Suppliers,,,Within 60 Days,31028475,
587491206,GABRIELLA MIKIEWICZ,Tordenskiolds gate 5,551,Oslo,Norway,,Norway,NOK,381 628 210,NO5017289456803,SHEDNO22,60481729341,,Pathfinder Financial,NO,Suppliers,,,Within 7 Days,72945103,
329748150,Mesh Community AS,Tjuvholmen allé 3,160,Oslo,Norway,,Norway,NOK,NO291653748,NO3460295183726,SHEDNO22,16033528762,,Vanguard Bank & Trust,NO,Suppliers,,,Within 14 Days,84019265,
764018235,ADVOKATFIRMAET SELMER AS,Nøsterudveien 58,252,Frogner,Norway,,Norway,NOK,NO 573604926,NO3460295183726,DABANO22,16034052761,,Alliance Federal Bank,NO,Suppliers,,,Within 30 Days,27384109,
495370261,MEJC SALES AS,Solheimsgaten 9C,3060,Oslo,Norway,,Norway,NOK,NO 982 721 019,NO5829341076281,DABANO22,97702531584,,Peak Community Bank,NO,Suppliers,,,Within 60 Days,49036128,
840192736,DNB LIVSFORSIKRING AS,"Postboks 5300, Majorstuen",5058,Oslo,Norway,,Norway,NOK,905738149,NO5829341076281,DNBANOKKXXX,46261358899,,Sunset Reserve Bank,NO,Suppliers,,,Within 7 Days,53198247,
251749306,Dr.Dropin BHT AS,Waldemar Thranes gate 102,303,Oslo,Norway,,Norway,NOK,541083627,NO7315928460930,NDEANOKK,81120183721,,Midland Savings Bank,NO,Suppliers,,,Within 14 Days,60741938,
703628491,FOODORA NORWAY AS,Isebakkeveien 80,175,Frogner,Norway,,Norway,NOK,NO721384019,NO7315928460930,NDEANOKK,16047893201,,Crest Financial Group,NO,Suppliers,,,Within 30 Days,21578403,
614038275,JETCARRIER SOLUTIONS AS,Lysaker Torg 36,1788,Oslo,Norway,,Norway,NOK,NO614923580,NO4652783591102,NDEANOKK,46309218865,,Frontier National Bank,NO,Suppliers,,,Within 60 Days,49021857,
498275106,AS3 Norge AS,"Lysaker Torg 35 - 6. etg, 1366 Lysaker",1366,Oslo,Norway,,Norway,NOK,NO722134790,NO4652783591102,DABANO22,81230472951,,Meridian Trust Bank,NO,Suppliers,,,Within 7 Days,87320154,
935041762,TELIA NORGE AS,Lørenfaret 1A,585,Oslo,Norway,,Norway,NOK,943285602,NO3945602819207,NDEANOKK,81121266783,,Liberty State Bank,NO,Suppliers,,,Within 14 Days,59471036,
126384705,MyNewsdesk AB,ROSENLUNDSGATAN 40,118 53,Oslo,Sweden,,Sweden,NOK,NO152739648,NO3945602819207,NDEANOKK,32204352901,,Summit Financial Trust,NO,Suppliers,,,Within 30 Days,62340158,
874195036,ODA NORWAY AS,Nydalsveien 28,484,Frogner,Norway,,Norway,NOK,NO309587461,NO6087314520589,NDEANOKK,70590827465,,Unity National Bank,NO,Suppliers,,,Within 60 Days,19027483,
320461598,RETRIEVER NORGE AS,Langkaia 1,150,Oslo,Norway,,Norway,NOK,SE865702982,NO6087314520589,NDEANOKK,61018473952,,Patriot Credit Union,NO,Suppliers,,,Within 7 Days,83704192,
785239104,Ekte kommunikasjon AS,c/o Erlend Skaug Ingebrigtsen Mogata,464,Oslo,Norway,,Norway,NOK,NO561039284,NO9517362840250,NDEANOKK,16039284623,,Reliance Trust Bank,NO,Suppliers,,,Within 14 Days,65238417,
604817523,KOMPLETT SERVICES AS,Østre Kullerød 4,3241,Oslo,Norway,,Norway,NOK,NO372580693,NO9517362840250,NDEANOKK,16037715285,,Phoenix Bank Group,NO,Suppliers,,,Within 30 Days,71082943,
CHE-222.261.314,Aurelius,Industriestrasse 10,6312,STEINHAUSEN,Switzerland,,,EUR,CHE-223.261.315,CH3500500124803795117,,,,Apex Community Bank,CH,Suppliers,,,Net 15,,
CHE-293.146.230,Mary's Plants AG,Obere Altstadt 11,6300,Zug,Switzerland,ivan@maryandplants.ch,,CHF,CHE-294.146.231,CH960348131000065637811,ZKBKCHZZ80A,,,Bayside Credit Union,CH,Suppliers,,,Net 30,,
CH-179.140.050,La Chamaca Ltd.,Vörrackerweg 4,8905,Arni,Switzerland,info@la-chamaca.ch,,CHF,CH-180.140.051,CH2709000000151495522,ZKBKCHZZ80A,,,Blue Ridge Bank,CH,Suppliers,,,Net 45,,
Buy Food with Plasti,Plastic-Free Food Shop,Feldstrasse 43,8004,Zürich,Switzerland,info@la-chamaca.ch,,CHF,Buy Food without Plastic,CH640028728710287341Q,ZKBKCHZZ80A,,,bank name,CH,Suppliers,,,Net 15,,
CHE-157.179.842,Honey Blossom by Matilda Gajda,Schweighofstrasse 423,8055,Zurich,Switzerland,info@la-chamaca.ch,,CHF,CHE-158.179.843,CH8604835373054041001,UBSWCHZH80A,,,Prime Federal Bank,CH,Suppliers,,,Net 30,,
flordinand,Florinart,Feldgütliweg 3,8004,Zürich,Switzerland,info@la-chamaca.ch,,CHF,Florinart,CH703000520261566301U,UBSWCHZH80A,,,Colonial Reserve Bank,CH,Suppliers,,,Net 45,,
CHE-105.383.140 MWST,Jucker Farms,Dorfstrasse 25,CH-8607,Seegräben,Switzerland,info@la-chamaca.ch,,CHF,CHE-106.383.141 MWST,CH8500790016603467564,UBSWCHZH80A,,,Peak Community Bank,CH,Suppliers,,,Net 15,,
CHE-383.569.233,the food providor for the office,Effingerstrasse 8B,CH-3011,Bern,Switzerland,info@la-chamaca.ch,,CHF,CHE-384.569.234,CH770022722712155701B,KBBECH22XXX,,,Sunset Reserve Bank,CH,Suppliers,,,Net 30,,
CHE-192.656.315,The Lab Inn,Mönchstrasse 39,CH-3600,Thun,Switzerland,info@la-chamaca.ch,,CHF,CHE-193.656.316,DE81700519950019993000,KBBECH22XXX,,,Sunset Reserve Bank,CH,Suppliers,,,Net 45,,
DE814581710,Highflyer Promotions GmbH,Sonnenfeld 14,84416,Taufkirchen (Vils),Germany,info@la-chamaca.ch,,CHF,DE814581711,CH0209000000876933752,BYLADEM1ERD,,,Sunset Reserve Bank,CH,Suppliers,,,Net 15,,
Echo Pictures,Echo Studios,Echo Studios,8038,Zürich,Switzerland,info@la-chamaca.ch,,CHF,Echo Studios,DE593007001009869868D4,BYLADEM1ERD,,,Coastal National Bank,CH,Suppliers,,,Net 30,,
CHE-183262360,Inwerk® Solutions GmbH,Fiskalvertretung Sandstrasse 30,9050,Appenzell,Switzerland,info@la-chamaca.ch,,EUR,CHE-184262361,CH9880912000003923969,BYLADEM1ERD,,,People's Savings Bank,CH,Suppliers,,,Net 45,,
CHE-285.467.198,Flammkuchen Express Solothurn,Jurablick 6,CH-4626,Niederbuchsiten,Switzerland,info@la-chamaca.ch,,CHF,CHE-286.467.199,CH5431000042294261001,RAIFCH22XXX,,,Paramount Reserve Bank,CH,Suppliers,,,Net 15,,
CHE-100.639.846,Naningo Solutions AG,Theaterstrasse 12,8001,Zurich,Switzerland,info@la-chamaca.ch,,CHF,CHE-101.639.847,CH10007691 91838282002,RAIFCH22XXX,,,Phoenix Bank Group,CH,Suppliers,,,Net 30,,
CHE-105.877.293,Balimpex Solutions AG,Frohburgerstrasse 23,CH-4132,Basel,Switzerland,info@la-chamaca.ch,,CHF,CHE-106.877.294,CH5609000000122604132,BLKBCH22,,,Capital City Bank,CH,Suppliers,,,Net 45,,
Jonathan Panakal,Jonathan Panakale,Avenue de Châtelaine 90,1219,Genève,Switzerland,info@la-chamaca.ch,,CHF,Jonathan Panakale,CH2409000000800148350,BLKBCH22,,,Pathfinder Financial,CH,Suppliers,,,Net 15,,
Intrum,Instru,Eschenstrasse 15,8603,Schwarzenbach,Switzerland,info@la-chamaca.ch,,CHF,Instru,CH7130778205817612002,BLKBCH22,,,Trustwell Bank,CH,Suppliers,,,Net 30,,
CHE-246.194.447,SHL Enterprise Areas AG,Adligenswilerstrasse 23,6002,Luzern,Switzerland,info@la-chamaca.ch,,CHF,CHE-247.194.448,CH09000000800005097,BLKBCH22,,,Atlas Credit Union,CH,Suppliers,,,Net 45,,
CHE115115724,HRA Business Office,Schöntalstrasse 6 Postfach,8022,Zürich,Switzerland,info@la-chamaca.ch,,CHF,CHE115115725,CH4530000018100005459,POFICHBEXXX,,,Atlas Credit Union,CH,Suppliers,,,Net 15,,
Etat de Vaud,Etat de Vaud Finance Department SAGEFI,Avenue de 23,1014,Lausanne,Switzerland,info@la-chamaca.ch,,CHF,Etat Vaudois,AT352050200800003528,POFICHBEXXX,,,Prime Bank Group,CH,Suppliers,,,Net 30,,
ATU68911145,FeelFree Tours Outdoor Experiences GmbH,Platzleweg 6,AT-6433,Oetz,Austria,info@la-chamaca.ch,,EUR,ATU68911146,CH8930000001800296842,SPIMAT21XXX,,,Union Reserve Bank,CH,Suppliers,,,Net 45,,
CHE-105.925.354,FeelFree Tours Outdoor Experiences GmbH,Lerzenstrasse 19,8953,Dietikon,Switzerland,info@la-chamaca.ch,,CHF,CHE-106.925.355,CH823000524320329601M,SPIMAT21XXX,,,Patriot Credit Union,CH,Suppliers,,,Net 15,,
CHE108275802,Presto Catering Services,Route d'Arnier 5,1092,Belmont-sur-Lausanne,Switzerland,info@la-chamaca.ch,,CHF,CHE108275803,CH4880808009645563908,SPIMAT21XXX,,,Mariner Financial,CH,Suppliers,,,Net 30,,
CHE-453973305,Advendo Enterprises AG,Birchstrasse 85,8156,oberhasli,Switzerland,info@la-chamaca.ch,,CHF,CHE-454973306,AT601600000100674018,RAIFCH22E75,,,Inland Empire Bank,CH,Suppliers,,,Net 45,,
ATU74770036,Edelmann GmbH,Dorfstrasse 14B,AT-6175,Kematen in Tirol,Austria,info@la-chamaca.ch,,EUR,ATU74770037,CH7600790016671648056,BTVAAT22,,,Victory Bank Corporation,CH,Suppliers,,,Net 15,,
CHE-103.036.822,News Actuel (Switzerland) AG,Sihlquai 254,8005,Zürich,Switzerland,info@la-chamaca.ch,,CHF,CHE-104.036.823,CH8030005259Q17111901,KBBECH22XXX,,,Progressive Trust Bank,CH,Suppliers,,,Net 30,,
CHE102544381,Micro Mobility AG,Bahnhofstrasse 11,8700,Küsnacht,Switzerland,info@la-chamaca.ch,,CHF,CHE102544382,CH5400761505441002002,KBBECH22XXX,,,Skyline Trust Bank,CH,Suppliers,,,Net 45,,
CHE299287320,Micro Mobility AG,Geroldstrasse 13c,8005,Zürich,Switzerland,info@la-chamaca.ch,,CHF,CHE299287321,CH3000700114804952011,KBAGCH22,,,Sunrise Federal Bank,CH,Suppliers,,,Net 15,,
CHE-455.732.907,Modo Group Solutions GmbH,Breitensteinstrasse 15,8037,Zürich,Switzerland,kontakt@modo.fm,,CHF,CHE-456.732.908,CH7604835314085031001,ZKBKCHZZ80A,,,Highland Savings Bank,CH,Suppliers,,,Net 30,,
CHE-450.703.502,Kyan Health Solutions AG,Dufourstrasse 40,8702,Zollikon,Switzerland,kontakt@modo.fm,,CHF,CHE-451.703.503,CH8630700110007483786,CRESCHZZ80A,,,Guardian Credit Union,CH,Suppliers,,,Net 45,,
CHE-176.248.136,KV Business School Zurich GmbH,Postfach 1755,8031,Zürich,Switzerland,kontakt@modo.fm,,CHF,CHE-177.248.137,CH6400700114802758617,CRESCHZZ80A,,,Southern Trust Bank,CH,Suppliers,,,Net 15,,
CHE-399.048.939,Suur Enterprises GmbH,Uetlibergstrasse 67,8045,Zürich,Switzerland,kontakt@modo.fm,,CHF,CHE-400.048.940,CH020022322313263840W,ZKBKCHZZ80A,,,Sierra Mutual Bank,CH,Suppliers,,,Net 30,,
Jairo N'tango,Jairo N’tongo,Mühlehaldenstrasse 38,8953,Dietikon,Switzerland,kontakt@modo.fm,,CHF,Jairo N’tongo Consulting,CH9431000044431341001,UBSWCHZH80A,,,Evergreen Federal Bank,CH,Suppliers,,,Net 45,,
CHE-107.823.612,ChaesLaube Herbula AG,Herbula AG,8008,Zürich,Switzerland,kontakt@modo.fm,,CHF,CHE-108.823.613,CH440024324354157201L,UBSWCHZH80A,,,Pioneer Federal Bank,CH,Suppliers,,,Net 15,,
CHE211999657,Gotham Life SA,Avenue de la Gare 47b,1920,Martigny,Switzerland,kontakt@modo.fm,,CHF,CHE212999658,CH1609000000851999165,UBSWCHZH80A,,,Genesis National Bank,CH,Suppliers,,,Net 30,,
BAYLEAF,Bayleaf International,Russenweg 16,8008,Zürich,BosniaHerzegovina,kontakt@modo.fm,,CHF,Bayleaf Solutions,CH1704835017900591001,UBSWCHZH80A,,,Meridian Trust Bank,CH,Suppliers,,,Net 45,,
CHE-100.159.552,St. Gallen School of Business AG,Rosenbergstrasse 37,CH-9000,St.Gallen,Switzerland,kontakt@modo.fm,,CHF,CHE-101.159.553,CH1600778199577292002,CRESCHZZ80A,,,Alliance Federal Bank,CH,Suppliers,,,Net 15,,
CHE-104.885.798,Bowlz by Shinsen Solutions AG,Staffelstrasse 11,8045,Zurich,Switzerland,kontakt@modo.fm,,CHF,CHE-105.885.799,CH3880808007726817855,CRESCHZZ80A,,,Apex Community Bank,CH,Suppliers,,,Net 30,,
CHE-113.710.525,Bedos International GmbH,Schulhausstrasse 16,4535,Hubersdorf,Switzerland,kontakt@modo.fm,,CHF,CHE-114.710.526,CH4900774010393881801,CRESCHZZ80A,,,Bayside Credit Union,CH,Suppliers,,,Net 45,,
SVEN PAULIN,Sven Paulin Consulting,Tschuggenstrasse 5,7260,Davos Dorf,Switzerland,kontakt@modo.fm,,CHF,Sven Paulin Enterprises,CH9404835083548651001,CRESCHZZ80A,,,Blue Ridge Bank,CH,Suppliers,,,Net 15,,
CHE-114.274.366 MWST,Rajapack Solutions GmbH,Salinenstrasse 62,4133,Pratteln,Switzerland,kontakt@modo.fm,,CHF,CHE-115.274.367 MWST,BE79363123907134,CRESCHZZ80A,,,Summit Financial Trust,CH,Suppliers,,,Net 30,,
BE0539854587,BV Sunday International Group,Krommebeekpark 22,8800,Roeselare,Belgium,kontakt@modo.fm,,EUR,BE0539854588,CH2008401016726015411,INGBBRUBEBB,,,Prime Federal Bank,CH,Suppliers,,,Net 45,,
CHE - 102.017.182,Maxam LPP Swiss Enterprises AG,Oberer Graben 4,9000,St. Gallen,Switzerland,kontakt@modo.fm,,CHF,CHE-103.017.183,CH0330808001369690801,INGBBRUBEBB,,,Colonial Reserve Bank,CH,Suppliers,,,Net 15,,
CHE-113.695.446,Marugg + Imsand AG,Gstipfstrasse 7,3902,Brig-Glis,Switzerland,kontakt@modo.fm,,CHF,CHE-114.695.447,CH2431000209823561001,INGBBRUBEBB,,,Peak Community Bank,CH,Suppliers,,,Net 30,,
CHE-443.385.325,The Dream Table,Patrycja Telser 2,CH-8802,Kilchberg ZH,Switzerland,kontakt@modo.fm,,CHF,CHE-444.385.326,CH4909000000607161841,INGBBRUBEBB,,,Sunset Reserve Bank,CH,Suppliers,,,Net 45,,
CHE-335836130,United Waste Solutions,Murbacherstrasse 35 c/o Foodways,4056,Basel,Switzerland,kontakt@modo.fm,,CHF,CHE-336836131,CH5800230230907345251,POFICHBEX,,,Epic Financial Group,CH,Suppliers,,,Net 15,,
CHE102909703,SBB Enterprises AG,Hilfikerstrasse 2,CH-300,Bern 65,Switzerland,kontakt@modo.fm,,CHF,CHE102909704,CH9200700110004220008,POFICHBEX,,,True North Bank,CH,Suppliers,,,Net 30,,
CHE-105829940,Migro AG,"Limmatstrasse 153, Postfach 1776",CH-8031,Zürich,Switzerland,kontakt@modo.fm,,CHF,CHE-106829941,CH1400700110006738659,ZKBKCHZZ,,,Coastal National Bank,CH,Suppliers,,,Net 45,,
CHE-410.716.527,Poledna RC Solutions AG,Münstergrasse 10,8001,Zürich,Switzerland,kontakt@modo.fm,,CHF,CHE-411.716.528,CH1130000001300000376,ZKBKCHZZ08A,,,People's Savings Bank,CH,Suppliers,,,Net 15,,
Eidgenössische Steue,Federal Tax Administration,Eigerstrasse 66,3003,Bern,Switzerland,kontakt@modo.fm,,CHF,Federal Tax Administration,CH7600790016671648056,ZKBKCHZZ08A,,,Paramount Reserve Bank,CH,Suppliers,,,Net 30,,
CHE-103036822,NA News Solutions AG,Hardstrasse 202,8005,Zürich,Switzerland,kontakt@modo.fm,,CHF,CHE-104036823,CH7500777001527272979,KBBECH22XXX,,,Phoenix Bank Group,CH,Suppliers,,,Net 45,,
Seehotel Waldstätter,Waldstätterhof Hotel Brunnen,Waldstätterquai 7,CH-6440,Brunnen,Switzerland,kontakt@modo.fm,,CHF,Seehotel Waldstätterhof,CH5830000001800038604,KBBECH22XXX,,,Capital City Bank,CH,Suppliers,,,Net 15,,
STADT ZURICH/RECYCLI,Zurich City/ Recycling,juristische Personen 2,8010,zurich,Switzerland,kontakt@modo.fm,,CHF,Zurich City/ Recycling Solutions,CH490029229211170801O,KBBECH22XXX,,,Pathfinder Financial,CH,Suppliers,,,Net 30,,
CHE101459732,UPS Switzerland AG,Binningerstrasse 3,4142,Münchenstein,Switzerland,kontakt@modo.fm,,CHF,CHE101459733,CH4804835167777581001,UBSWCHZH80A,,,Trustwell Bank,CH,Suppliers,,,Net 45,,
CHE109049266,Digitec Galaxus Enterprises AG,Pfingstweidstrasse 61,CH-8005,Zürich,Switzerland,kontakt@modo.fm,,CHF,CHE109049267,CH5100700114804048951,CRESCHZZ80A,,,Atlas Credit Union,CH,Suppliers,,,Net 15,,
Ana Garcia,Ana Garcia Consulting,Bucheggstrasse 7,6318037,Zurich,Switzerland,kontakt@modo.fm,,CHF,Ana Garciade,CH5480808004167394419,ZKBKCHZZ80A,,,Heritage Federal Bank,CH,Suppliers,,,Net 30,,
CHE-188.247.451,Cookinesi Solutions GmbH,Rautistrasse 62,6318037,Zurich,Switzerland,kontakt@modo.fm,,CHF,CHE-189.247.452,DE44200300000030373523,RAIFCH22706,,,Prime Bank Group,CH,Suppliers,,,Net 45,,
DE296745664,Appinio GmbH,Große Theaterstrasse 32,20354,Hamburg,Germany,kontakt@modo.fm,,EUR,DE296745665,CH6931000020332191001,HYVEDEMM300,,,Union Reserve Bank,CH,Suppliers,,,Net 15,,
CHE-116.304.564,DHL Express Logistics AG,St. Jakobsstrasse 223,CH-4052,Basel,Switzerland,kontakt@modo.fm,,CHF,CHE-117.304.565,EE467777000057829433,CRESCHZZ80A,,,Patriot Credit Union,CH,Suppliers,,,Net 30,,
EE102156920,XoloGo OÜ,Kalasadama tn 5,10415,Põhja-Tallinna linnaosa Tallin,Estonia,kontakt@modo.fm,,EUR,EE102156921,CH4209000000800035603,LHVBEE22,,,Mariner Financial,CH,Suppliers,,,Net 45,,
Betreibungsamt,Fabrikstrasse Solutions AG,Fabrikstrasse 4,8031,Zurich,Switzerland,kontakt@modo.fm,,CHF,Debt Collection Office,DE34600501010405708056,LHVBEE22,,,Inland Empire Bank,CH,Suppliers,,,Net 15,,
DE321634300,Mute-Labs Technologies GmbH,Lottumstrasse 10a,D-10119,Berlin,Germany,info@mute-labs.de,,CHF,DE321634301,AT282050607700087188,SOLADEST600,,,Inland Empire Bank,CH,Suppliers,,,Net 30,,
ATU72660845,Walchsee Hotel GmbH,Johannesstrasse 2,AT-6344,Walchsee,Austria,info@mute-labs.de,,EUR,ATU72660846,DE78160400000117670002,SPKUAT22XXX,,,Progressive Trust Bank,CH,Suppliers,,,Net 45,,
DE310293327,Sticker Printing Ltd.,Am Silbergraben 30,14480,Potsdam,Germany,info@mute-labs.de,,EUR,DE310293328,CH3100700110002052380,COBADEFFXX,,,Skyline Trust Bank,CH,Suppliers,,,Net 15,,
CHE-104056299,Navetta Printing GmbH,Birmensdorferstrasse 33,8902,Urdorf,Switzerland,info@mute-labs.de,,CHF,CHE-105056300,CH8108726000030502011,ZKBKCHZZ80A,,,Skyline Trust Bank,CH,Suppliers,,,Net 30,,
CHE-112.423.282,Apple Retail Group Switzerland GmbH,Talstrasse 84,Zürich,8001,Switzerland,info@mute-labs.de,,CHF,CHE-113.423.283,CH7181487000040593618,BOFACH2X,,,Highland Savings Bank,CH,Suppliers,,,Net 45,,
CHE-112848664,Druckfabrik Zurich GmbH,Lamgstrasse 22,8004,Zurich,Switzerland,info@mute-labs.de,,CHF,CHE-113848665,CH323000523082369601I,RAIFCH22E87,,,Guardian Credit Union,CH,Suppliers,,,Net 15,,
CHE-411.870.734,BFS Building Services AG,Unterrohrstrasse 4,8952,Schlieren,Switzerland,info@mute-labs.de,,CHF,CHE-412.870.735,CH9331000051134491002,UBSWCHZH80A,,,Southern Trust Bank,CH,Suppliers,,,Net 30,,
CHE-337.962.596,AXA Insurance Solutions AG,Zurich City,8050,Zurich,Switzerland,info@mute-labs.de,,CHF,CHE-338.962.597,CH520020620644771901F,CRESCHZZ80A,,,Sierra Mutual Bank,CH,Suppliers,,,Net 45,,
CHE-112278910,Concept Communications GmbH,Hardturmstrasse 77,8005,Zürich,Switzerland,contact@contcept.ch,,CHF,CHE-113278911,CH65 0483 5281 7309 0100 1,UBSWCHZH80A,,,Evergreen Federal Bank,CH,Suppliers,,,Net 15,,
CHE-280.562.292,Mondays Digital Solutions AG,In der Hinterzelg 3,8700,Küsnacht,Switzerland,contact@contcept.ch,,CHF,CHE-281.562.293,CH2400779000257550102,CRESCHZZ80A,,,Pioneer Federal Bank,CH,Suppliers,,,Net 30,,
CHE332767389,PressRelations Services,Riedenmatt 5 Postfach 229,6371,Stans,Switzerland,contact@contcept.ch,,CHF,CHE332767390,CH6304835072918071001,NIKACH22,,,Genesis National Bank,CH,Suppliers,,,Net 45,,
CHE443545563,JobCloud Solutions AG,Albisriederstrasse 254,8047,Zürich,Switzerland,contact@contcept.ch,,CHF,CHE443545564,CH6030000001300054008,CRESCHZZ80A,,,Meridian Trust Bank,CH,Suppliers,,,Net 15,,
CHE-105934790,REKA Swiss Travel Kasse,Neuengasse 16,CH-3001,Postfach,Switzerland,contact@contcept.ch,,CHF,CHE-106934791,CH4130700110003142682,CRESCHZZ80A,,,Alliance Federal Bank,CH,Suppliers,,,Net 30,,
KANTON ZURICH,Cantonal Zurich Tax Office,"Bändliweg 22, 8091",8090,Zürich,Switzerland,contact@contcept.ch,,CHF,Cantonal Zurich Tax Office,CH973000522810925900D,ZKBKCHZZ80A,,,Grand Savings,CH,Suppliers,,,Net 45,,
Salt Mobile SA,Salt Mobile Group,Rue du Caudray 5,CH-1020,Renens 1,Switzerland,contact@contcept.ch,,CHF,Salt Mobile Group,CH5731000128860881001,ZKBKCHZZ80A,,,Apex Community Bank,CH,Suppliers,,,Net 30,,
CHE101377666,Deloitte Consulting AG,Pfingstweidstrasse 12,8005,Zürich,Switzerland,contact@contcept.ch,,CHF,CHE101377667,CH8630000002800000527,CRESCHZZ80A,,,Bayside Credit Union,CH,Suppliers,,,Net 45,,
CHE337962596,SVA Zurich Social Security,Röntgenstrasse 18,8087,Zurich,Switzerland,contact@contcept.ch,,CHF,CHE338962597,CH1009000000154071178,CRESCHZZ80A,,,Blue Ridge Bank,CH,Suppliers,,,Net 15,,
078 798 05 01,Mona The Foodie Consulting,Chemin Vert 30,1804,Corsier-sur-Vevey,Switzerland,contact@contcept.ch,,CHF,078 798 05 02,CH8530700110006103009,POFICHBEXXX,,,Summit Financial Trust,CH,Suppliers,,,Net 30,,
CHE116041896,School of Management and Law,Theaterstrasse 18,CH8401,Wintherthur,Switzerland,contact@contcept.ch,,CHF,CHE116041897,CH3480808009146353660,ZKBKCHZZ80A,,,Summit Financial Trust,CH,Suppliers,,,Net 45,,
CHE-134.880.417,Littler Switzerland Legal Group (formerly LEL Lawyers Ltd.),Nüschelerstrasse 32,8001,Zürich,Switzerland,contact@contcept.ch,,CHF,CHE-135.880.418,CH5231000177949771001,RAIFCH22XXX,,,Colonial Reserve Bank,CH,Suppliers,,,Net 30,,
CHE324676158,Findea Consulting AG,Neuwiesenstrasse 16,8400,Winterthur,Switzerland,contact@contcept.ch,,CHF,CHE324676159,CH3230000001876930778,RAIFCH22XXX,,,Peak Community Bank,CH,Suppliers,,,Net 45,,
CHE101654423,Swisscom Enterprises AG,Alte Tiefenstrasse 7,3050,Bern,Switzerland,contact@contcept.ch,,CHF,CHE101654424,CH2300700114802361849,RAIFCH22XXX,,,Sunset Reserve Bank,CH,Suppliers,,,Net 15,,
CHE-102.325.991,Gebr. Iseli Construction AG,Josefstrasse 226,8005,Zürich,Switzerland,accounting@iselihof.ch,,CHF,CHE-103.325.992,CH1030000001155469327,RAIFCH22XXX,,,Epic Financial Group,CH,Suppliers,,,Net 30,,
CHE102002341,HomeGate Solutions AG,Werdstrasse 22,8021,Zürich,Switzerland,info@homegate.ch,,CHF,CHE102002342,CH9730000001156819941,RAIFCH22XXX,,,True North Bank,CH,Suppliers,,,Net 45,,
CHE-108.954.978,ewz Solutions,Tramstrasse 36,8050,Zurich,Switzerland,info@homegate.ch,,CHF,CHE-109.954.979,CH6830700114807924191,RAIFCH22XXX,,,Coastal National Bank,CH,Suppliers,,,Net 15,,
CHE-396842705,June Corporate Communications AG,Wolfbachstrasse 20,8032,Zürich,Switzerland,info@homegate.ch,,CHF,CHE-397842706,AT6830700114807924190,RAIFCH22XXX,,,People's Savings Bank,CH,Suppliers,,,Net 30,,
